rainfall_mm_1h,rainfall_mm_24h,rainfall_mm_72h,soil_moisture_pct,sar_deformation_flag,insar_velocity_mm_yr,landslide_triggered
0.39,5.33,18.45,33.88,0,-2.64,0
3.99,31.49,58.16,42.62,0,-2.89,0
0.03,20.44,60.25,42.0,0,-2.1,1
0.05,82.15,204.68,51.59,0,-0.87,0
5.25,35.68,130.02,55.43,0,-2.06,0
0.27,16.0,66.89,46.87,0,-3.98,0
1.27,53.5,89.14,46.06,0,-2.17,0
11.1,79.17,192.94,57.69,0,-1.67,0
14.76,66.16,104.0,43.89,0,-2.91,0
0.62,17.75,34.35,37.86,0,-2.86,0
2.88,70.61,125.74,55.63,0,-0.59,0
2.87,30.88,89.5,37.21,0,-1.22,0
2.11,34.61,96.6,49.35,0,-2.33,1
9.05,36.49,78.66,55.43,0,-1.78,0
4.91,45.61,167.12,57.77,1,-21.46,1
5.06,25.14,69.21,47.58,0,-2.12,0
1.1,6.78,73.49,51.18,0,-1.45,0
1.99,45.08,100.71,52.94,0,-1.69,0
2.34,29.98,75.32,44.42,0,-3.53,0
1.24,13.74,33.63,28.94,0,-2.39,0
0.35,12.38,104.36,64.1,1,-6.49,0
0.47,5.99,37.3,41.77,0,-4.28,0
0.7,4.11,16.58,35.9,0,-4.16,0
0.8,12.29,47.57,45.82,0,-1.29,0
0.97,8.9,38.33,43.91,0,-2.23,0
1.03,14.76,36.8,41.89,0,-2.5,0
2.13,44.21,69.11,45.24,0,-3.86,0
2.49,14.95,35.24,35.89,0,-2.6,0
1.29,7.77,19.53,36.36,1,-20.69,0
8.32,82.67,187.6,59.27,1,-19.76,0
2.82,40.07,83.77,48.18,0,-0.39,0
5.42,25.72,62.72,48.81,0,-3.79,0
9.03,48.44,78.98,57.31,0,-2.63,0
0.62,26.11,109.34,46.52,0,-3.0,0
1.95,20.69,53.52,44.36,0,-1.06,0
1.99,37.32,97.0,44.56,0,-2.6,0
1.53,16.46,59.73,44.26,0,-2.48,0
0.03,68.79,136.03,45.82,0,-2.86,0
5.92,38.75,151.21,52.18,0,-3.84,0
0.41,2.17,23.71,34.18,0,-3.49,0
18.9,60.22,134.05,59.37,0,-2.55,0
5.19,36.34,144.92,47.69,0,-4.04,0
3.04,11.21,58.78,45.25,0,-1.74,0
0.59,2.81,14.24,30.66,0,-2.32,0
2.54,9.68,83.32,54.86,1,-22.12,0
1.06,19.41,79.2,44.85,0,-2.1,0
1.02,22.92,131.67,55.95,0,-1.75,0
6.19,35.37,88.62,47.58,0,-0.68,0
1.68,30.65,130.63,48.78,0,-2.93,0
2.1,27.28,85.28,44.99,0,-1.03,0
6.48,93.08,209.98,56.22,0,-0.79,0
0.32,37.75,76.48,37.68,0,-0.98,1
3.16,74.28,174.58,65.33,0,-3.16,0
3.02,81.02,160.48,54.68,0,-0.79,1
1.94,18.71,48.24,43.16,0,-4.4,0
6.2,30.71,46.76,34.89,0,-3.46,1
10.02,37.67,51.69,41.79,0,-1.89,0
2.19,26.3,131.56,56.3,0,-2.75,0
2.13,13.12,51.27,41.9,0,-0.23,0
2.44,30.39,84.61,43.59,1,-21.78,0
4.49,19.54,74.0,50.02,0,-1.37,0
3.86,16.48,54.11,31.85,0,-0.51,0
0.88,7.18,20.34,25.09,0,-3.46,0
0.23,56.89,166.84,56.41,0,-1.62,0
10.43,45.93,101.86,38.27,0,-2.64,0
1.06,48.27,101.8,46.32,0,-3.83,0
3.56,23.39,63.72,41.72,0,-3.54,0
6.17,45.08,71.6,53.16,1,-14.17,0
1.25,12.31,42.07,35.98,0,-3.94,0
3.53,19.8,41.51,36.52,0,-1.87,0
0.4,128.99,287.19,54.54,0,-2.35,0
12.26,59.76,94.49,49.61,0,-2.83,0
0.21,5.06,38.48,38.4,0,-0.51,0
2.02,27.46,120.37,47.08,0,-2.77,0
2.69,41.17,125.39,57.67,0,-2.68,1
5.47,106.39,261.19,66.93,1,-10.1,1
0.45,26.68,64.75,41.48,0,-1.72,0
2.03,23.56,76.56,36.8,0,-1.24,1
1.25,14.48,51.47,36.15,0,-2.25,0
1.31,24.55,89.71,56.2,0,-3.16,0
5.28,35.05,119.71,53.16,0,-2.62,0
0.02,4.96,20.97,29.35,0,-0.79,0
4.84,35.98,93.39,55.9,0,-1.7,0
5.82,34.78,77.22,45.61,0,-0.47,1
8.11,34.55,60.88,43.58,0,-3.38,0
3.45,18.14,60.16,55.32,0,-4.0,1
1.42,11.69,35.36,42.12,0,-0.4,0
1.95,29.06,85.8,46.5,0,-2.46,0
12.24,53.51,132.69,55.73,0,-2.63,0
7.46,24.24,54.77,44.99,0,-2.09,0
2.18,13.97,112.38,55.71,0,-2.36,0
10.03,55.11,114.9,46.72,0,-3.25,0
6.06,30.65,159.52,64.54,1,-11.1,0
8.1,57.8,131.44,60.87,1,-14.16,1
4.02,30.15,64.24,39.53,0,-2.53,0
6.82,52.05,88.63,48.29,0,-0.51,1
7.78,41.54,123.58,53.28,0,-4.3,0
0.34,27.28,89.23,49.26,1,-19.96,0
11.76,41.18,94.26,53.07,0,-3.57,0
1.42,45.55,118.27,50.64,0,-2.47,0
2.03,98.89,235.06,63.57,0,-3.39,0
5.49,20.3,41.51,42.3,0,-2.41,0
3.83,33.52,75.55,48.73,0,-0.45,0
7.82,45.03,91.7,51.2,0,-1.81,0
1.79,10.23,32.67,39.54,0,-2.87,0
1.64,16.15,147.6,56.41,1,-19.93,0
0.11,38.08,107.05,41.34,0,-4.38,0
2.17,29.64,73.86,40.89,0,-2.81,0
4.51,24.99,58.54,36.57,0,-1.43,0
1.25,17.45,56.14,37.16,0,-0.39,0
2.17,20.66,47.54,35.66,0,-3.59,0
0.87,10.91,32.65,41.95,0,-4.02,0
5.19,62.73,145.25,61.79,1,-18.66,0
0.22,18.04,82.98,50.7,0,-2.27,0
4.28,24.96,92.29,43.94,0,-3.9,0
1.67,17.81,43.31,34.97,0,-1.23,0
0.15,55.61,169.2,53.95,0,-1.91,0
6.72,63.32,146.03,51.53,0,-2.38,1
2.34,16.5,42.36,45.95,0,-0.41,0
3.2,25.75,65.51,37.64,0,-3.16,0
4.61,18.88,78.32,48.29,0,-1.01,0
3.73,100.7,240.64,55.33,0,-1.63,0
4.59,36.99,87.09,50.61,0,-1.98,0
5.03,22.78,43.34,37.68,0,-2.95,0
3.11,26.29,68.37,39.35,0,-0.48,0
1.59,13.24,33.04,34.08,0,-1.67,0
0.98,20.83,74.37,48.55,0,-1.38,0
8.16,42.05,97.57,41.53,0,-0.21,0
12.26,67.23,185.12,55.23,0,-3.17,0
1.55,11.26,58.58,42.11,0,-1.21,0
0.42,8.94,16.38,24.73,0,-0.92,0
0.88,12.47,63.31,39.23,0,-3.63,0
3.89,53.97,122.4,60.04,0,-0.37,1
0.66,9.87,53.05,35.25,0,-4.07,0
5.3,14.26,44.95,37.31,0,-3.15,1
8.98,82.68,215.2,62.73,1,-19.96,0
11.6,91.21,138.61,54.1,0,-1.71,0
0.03,13.75,36.13,34.87,0,-4.28,0
11.11,64.2,92.14,52.81,0,-2.86,0
4.72,43.89,146.5,44.85,0,-2.82,0
0.31,1.12,25.88,38.26,0,-3.01,0
1.88,58.57,178.83,53.17,0,-2.19,0
4.21,54.56,157.66,43.45,0,-0.92,0
10.99,60.1,139.62,65.36,0,-0.85,1
0.63,9.4,36.6,38.04,0,-3.16,0
0.48,2.59,5.95,31.44,0,-4.0,0
2.24,178.91,397.61,72.63,1,-19.77,1
12.06,100.03,147.05,50.66,1,-17.96,0
12.44,57.87,102.16,48.99,0,-4.47,0
0.91,5.35,57.2,42.58,0,-1.31,0
1.35,24.11,47.35,37.05,0,-1.88,0
8.35,131.27,218.62,66.45,0,-1.76,0
4.65,38.99,91.3,55.42,0,-0.34,0
12.55,62.99,238.74,60.95,1,-24.51,0
7.83,47.99,326.51,67.71,0,-1.1,0
0.85,7.13,41.31,43.36,0,-0.75,0
4.99,66.72,210.78,61.45,1,-10.06,1
0.17,8.52,16.21,28.67,0,-3.49,0
5.96,59.37,112.83,39.24,0,-4.02,0
3.22,13.56,34.81,37.84,0,-4.22,0
10.94,39.0,56.85,46.66,0,-3.94,0
11.27,70.11,143.22,50.21,1,-6.46,0
0.18,37.64,86.94,48.96,0,-1.16,0
0.61,6.67,33.88,39.34,0,-0.73,0
2.32,19.75,48.62,43.11,0,-1.72,0
7.41,45.02,108.84,51.78,0,-0.73,0
5.9,55.85,164.66,51.82,0,-3.01,0
11.67,64.68,128.69,59.49,0,-3.28,0
3.37,19.56,47.64,40.41,0,-0.89,0
1.04,21.58,54.39,39.47,0,-2.87,0
0.09,43.44,108.82,42.95,0,-0.3,0
0.88,45.25,118.01,54.29,0,-2.07,0
3.94,40.27,95.23,61.62,0,-1.43,0
9.13,153.71,309.74,63.46,1,-7.97,1
1.35,10.33,40.54,36.45,0,-4.17,0
7.3,39.83,90.68,48.61,0,-0.83,0
1.76,39.35,105.72,50.38,0,-4.14,0
1.29,9.31,44.6,38.07,0,-2.0,0
2.49,81.09,169.82,67.6,0,-2.68,1
2.04,18.89,29.83,36.17,0,-2.5,0
8.58,45.37,116.46,45.57,0,-3.32,0
2.21,11.78,28.81,29.76,0,-1.64,0
1.14,10.33,26.17,40.54,0,-0.5,0
6.47,49.57,111.74,52.94,0,-2.0,0
23.39,128.0,301.31,62.58,1,-17.54,1
3.66,20.23,49.31,38.84,0,-2.59,0
1.01,37.42,77.66,50.09,0,-3.61,0
0.96,4.27,11.29,25.78,0,-0.39,0
0.21,36.83,74.63,45.34,0,-4.45,0
0.28,7.99,28.99,39.34,0,-4.46,0
8.63,61.08,101.68,46.51,0,-0.63,1
0.36,11.3,69.41,51.51,0,-1.68,0
2.32,30.79,90.71,40.49,0,-2.74,0
4.19,55.38,124.04,53.15,0,-1.81,0
6.65,110.79,293.92,64.44,1,-18.55,1
0.66,9.87,31.28,25.75,0,-1.6,0
2.02,22.11,71.82,41.88,0,-3.26,0
1.01,16.74,67.92,47.86,0,-1.77,0
1.03,142.16,189.32,55.06,1,-23.87,0
1.27,36.96,105.9,49.46,0,-2.68,0
3.1,27.4,53.3,39.88,0,-4.37,0
0.06,13.22,25.08,39.38,0,-2.96,0
1.84,15.07,63.59,45.76,0,-0.62,0
0.72,30.07,64.29,41.94,0,-1.57,0
11.95,71.12,130.41,50.06,0,-2.0,0
3.06,81.34,144.69,59.4,0,-3.38,0
7.09,55.21,146.14,55.92,1,-15.61,1
0.76,26.45,48.49,45.87,0,-3.03,1
5.81,40.35,73.52,48.98,0,-3.81,0
1.88,24.79,51.11,25.09,0,-0.65,0
0.68,10.76,32.76,42.16,0,-3.49,0
5.01,54.76,145.12,55.73,0,-3.41,0
5.02,15.01,37.87,39.42,0,-3.72,0
19.23,94.82,266.7,52.9,0,-4.31,0
5.31,48.39,103.69,48.06,0,-1.53,0
0.55,55.57,130.92,53.99,0,-2.04,0
1.36,25.51,49.82,34.72,0,-1.33,1
2.1,38.15,110.43,57.99,0,-1.61,0
0.47,37.35,88.3,52.05,0,-1.62,0
5.43,38.99,128.0,51.38,1,-14.61,0
2.62,12.56,86.75,57.15,0,-0.47,0
10.12,83.17,183.01,60.07,1,-12.53,1
3.11,74.46,278.49,70.3,0,-2.83,1
2.59,19.46,65.89,40.42,0,-3.49,0
0.26,6.01,10.55,31.83,0,-3.2,0
0.57,46.52,97.73,56.4,0,-0.4,0
6.63,53.07,75.77,52.21,1,-14.54,0
16.36,58.54,92.57,54.0,0,-0.99,0
1.88,12.87,35.52,43.78,0,-4.45,0
5.81,115.97,200.36,67.04,0,-4.5,0
3.46,14.38,41.06,27.48,0,-0.42,0
11.18,37.35,84.28,45.56,0,-3.07,0
0.95,20.49,54.57,33.48,0,-3.7,0
2.75,14.59,36.84,29.27,0,-1.6,0
1.84,16.23,68.79,42.43,0,-3.18,0
2.73,16.39,43.71,37.54,0,-1.01,0
1.1,9.48,67.48,51.6,0,-0.75,0
2.41,44.45,141.74,48.83,0,-4.18,0
3.43,31.56,94.07,50.07,0,-2.96,0
0.3,7.76,30.82,44.23,0,-3.71,0
4.76,24.01,65.22,43.6,0,-2.49,0
4.29,16.19,38.02,47.99,1,-10.68,0
7.43,28.39,67.81,35.48,0,-1.82,0
1.94,31.7,85.41,43.62,0,-3.99,0
0.22,3.62,34.79,45.08,0,-0.27,0
2.17,18.83,70.99,42.06,0,-1.09,0
0.52,38.98,102.28,49.11,0,-1.29,0
3.65,27.86,87.77,56.59,1,-8.63,0
0.17,8.91,22.76,37.09,1,-16.0,0
1.64,50.42,142.8,46.66,0,-3.85,0
0.3,41.53,91.2,51.84,1,-10.45,1
0.01,42.46,114.62,48.34,0,-3.77,0
11.32,80.7,174.55,55.13,0,-1.73,1
19.44,142.61,267.64,62.51,0,-2.17,1
2.84,47.75,71.42,42.63,0,-2.19,0
0.96,16.08,56.69,45.1,0,-3.27,0
8.47,67.16,177.66,53.47,1,-22.67,0
8.98,37.88,69.49,46.69,0,-2.95,0
6.75,38.51,70.78,49.19,0,-3.53,0
2.75,15.46,50.29,40.91,0,-0.24,0
0.27,8.08,60.09,43.7,0,-2.37,0
0.32,4.55,9.73,29.58,0,-2.45,0
7.94,30.73,71.5,46.18,1,-16.42,0
7.3,31.77,123.59,52.39,0,-2.59,0
1.99,29.07,57.58,42.08,0,-2.21,0
1.39,12.64,37.14,37.39,0,-2.23,0
3.62,43.97,156.52,57.06,0,-0.71,1
5.76,32.91,53.3,39.75,0,-2.07,0
4.6,37.42,110.96,50.69,0,-3.5,0
3.35,26.26,54.59,47.16,1,-8.54,0
0.92,39.11,76.01,56.36,0,-2.3,0
1.07,23.48,38.35,50.62,0,-4.36,0
4.51,66.13,146.08,55.86,0,-3.95,0
5.68,23.64,72.46,40.55,0,-4.19,0
0.43,11.95,30.79,35.01,0,-0.53,0
0.73,4.75,40.91,39.71,0,-2.86,0
3.99,26.39,76.52,51.83,0,-1.16,0
1.72,16.48,39.53,35.04,0,-1.94,0
2.9,54.23,136.85,53.68,0,-3.12,0
3.34,35.56,89.47,43.44,0,-2.69,0
5.24,25.05,55.94,50.82,0,-2.37,0
5.73,61.72,108.92,53.88,0,-3.7,0
1.15,3.71,20.75,31.33,0,-3.14,0
2.73,16.16,43.27,39.9,0,-3.73,0
0.46,20.93,79.36,40.14,0,-4.21,0
6.46,46.91,124.67,55.3,0,-3.26,0
6.54,44.69,107.94,52.97,0,-1.9,0
1.25,8.22,73.48,37.03,0,-1.11,0
0.61,10.99,148.54,51.78,1,-21.62,1
0.25,54.62,133.13,52.43,1,-11.23,0
2.99,85.53,142.66,53.43,0,-3.38,0
0.34,9.06,52.9,39.3,0,-0.37,0
3.99,39.62,71.71,46.21,0,-3.7,0
3.97,28.78,83.31,54.51,1,-11.95,0
3.33,25.16,74.7,48.5,0,-2.35,0
7.32,58.44,196.25,65.02,0,-1.92,0
1.66,19.99,145.09,56.92,0,-0.68,0
8.14,71.83,199.7,57.76,1,-12.11,0
0.13,20.27,52.33,40.81,0,-0.67,0
0.42,21.43,53.31,45.93,0,-3.72,0
1.86,10.82,25.22,37.25,0,-2.39,0
3.15,45.08,103.57,57.15,0,-1.26,0
0.12,76.75,173.49,57.55,0,-0.28,1
2.93,26.13,81.52,40.27,0,-2.45,0
1.29,8.59,22.08,32.57,0,-3.43,0
7.64,111.51,288.37,56.38,1,-14.56,0
2.67,21.05,51.85,40.92,0,-1.12,0
3.1,26.29,45.18,34.18,0,-4.48,0
10.19,28.35,59.83,42.83,0,-2.65,0
5.06,27.93,54.21,42.85,0,-1.63,0
2.02,15.01,111.85,50.93,0,-1.89,0
2.27,22.36,73.29,44.48,0,-0.74,0
3.65,27.37,63.25,42.06,0,-2.32,1
0.78,22.75,55.25,48.01,0,-3.44,0
0.32,18.98,52.94,43.25,0,-1.96,0
1.31,20.69,36.94,30.34,0,-3.93,0
5.27,48.99,90.94,49.38,0,-2.25,0
1.04,57.05,153.23,63.43,0,-4.07,1
0.49,7.79,12.56,27.9,0,-3.22,0
0.87,6.32,13.79,28.74,0,-0.44,0
3.98,28.3,69.69,48.37,1,-15.73,1
3.33,18.86,60.79,39.22,0,-3.64,0
4.08,63.39,199.85,53.46,0,-1.73,0
1.36,13.59,63.63,36.23,0,-1.01,0
8.09,38.39,78.64,50.17,0,-3.92,0
2.1,8.66,19.51,37.04,0,-4.43,0
2.52,23.17,82.35,44.46,0,-3.68,0
10.4,46.41,74.27,40.25,0,-3.32,0
13.57,75.88,122.53,57.14,0,-0.2,1
3.79,80.76,165.67,56.27,0,-0.66,0
10.14,37.39,90.87,38.67,0,-3.09,0
2.73,13.78,35.6,39.44,0,-1.96,0
1.28,17.17,60.41,44.87,0,-0.28,0
1.32,24.4,63.53,50.98,0,-3.39,0
2.87,19.67,88.71,52.57,1,-24.4,0
3.25,50.18,151.49,60.17,0,-3.03,0
2.03,10.33,38.28,33.91,0,-2.21,0
7.53,40.36,74.57,39.32,0,-0.31,0
1.95,23.57,79.9,49.55,0,-2.93,0
1.12,7.21,53.52,42.06,0,-3.59,0
0.03,24.04,61.12,46.79,1,-17.27,0
12.34,66.46,165.43,57.51,0,-4.03,0
6.09,50.49,147.28,62.53,1,-12.39,0
3.35,24.33,161.61,54.41,0,-2.02,0
6.21,34.31,111.29,51.67,0,-2.47,0
5.82,29.48,77.13,43.35,0,-1.55,0
9.4,47.91,129.63,49.19,0,-2.35,0
1.71,29.55,43.0,46.13,0,-3.29,0
2.83,20.26,32.82,36.25,0,-3.27,0
0.36,11.88,55.7,54.76,1,-6.59,0
11.77,73.8,238.62,54.88,1,-24.4,1
14.73,57.41,195.11,59.54,0,-4.44,0
5.45,55.79,82.98,48.29,0,-2.76,0
2.12,64.77,139.83,60.83,0,-1.92,0
2.4,22.07,54.39,37.74,0,-1.23,0
2.0,58.92,121.25,49.66,0,-1.25,0
1.22,48.88,94.88,42.21,1,-9.85,0
2.63,10.96,66.97,52.03,0,-3.32,0
0.19,4.79,53.17,33.28,0,-3.01,0
16.85,63.58,176.08,58.31,1,-14.28,1
1.93,19.93,43.19,52.04,0,-4.04,1
9.18,47.96,116.54,57.79,1,-12.94,0
4.51,27.96,84.08,53.82,0,-0.5,0
1.2,14.43,39.08,47.08,0,-0.46,0
0.88,27.24,94.07,50.03,0,-0.82,0
19.05,85.04,186.65,59.31,1,-15.83,1
5.18,38.69,132.44,53.84,1,-17.23,0
1.01,57.16,136.54,53.89,0,-3.55,0
0.24,29.63,82.67,44.37,0,-1.07,0
4.18,26.32,71.49,52.45,0,-1.27,0
1.26,6.36,19.21,29.96,0,-2.94,0
0.88,17.14,44.46,38.46,0,-3.95,0
4.65,88.78,168.26,50.48,0,-1.56,1
3.98,55.37,145.45,59.29,1,-22.61,1
2.3,28.58,140.51,62.63,0,-4.03,0
10.01,33.72,52.97,30.69,0,-3.51,0
3.98,35.66,75.19,53.92,0,-4.03,0
7.84,69.74,191.86,62.53,0,-1.4,0
0.74,57.6,96.6,55.88,0,-3.17,0
1.23,25.94,101.0,52.0,0,-0.69,0
0.39,15.89,46.82,43.44,0,-2.85,0
1.27,24.31,83.01,49.15,0,-1.51,1
12.49,111.59,205.14,54.7,0,-3.22,1
11.53,80.72,210.96,59.45,0,-0.81,1
5.0,23.15,98.2,47.3,0,-3.06,1
2.58,35.15,73.25,51.28,0,-3.25,0
5.31,65.68,154.47,54.61,1,-19.27,0
2.82,32.1,54.53,44.63,0,-3.15,0
0.01,14.02,34.63,31.88,0,-2.45,0
2.44,39.11,75.15,55.4,1,-24.15,0
3.2,30.2,134.03,55.32,0,-1.42,0
1.08,6.89,31.93,29.79,0,-3.11,0
0.8,29.29,114.94,56.96,0,-3.32,0
1.12,15.03,98.44,51.04,0,-1.89,0
3.42,66.46,166.1,60.89,1,-14.17,1
0.55,73.49,183.06,73.97,1,-22.97,1
4.46,25.11,71.32,51.23,0,-0.56,0
1.92,75.44,131.22,59.2,1,-15.05,1
1.53,11.93,25.8,32.95,0,-0.63,0
5.76,37.49,105.7,51.29,0,-1.66,0
2.47,13.45,27.73,33.54,0,-0.75,0
1.66,8.87,19.13,26.01,0,-2.09,0
7.37,62.25,96.54,47.38,0,-3.55,0
1.61,50.66,129.29,59.2,0,-0.49,1
6.86,44.33,162.33,58.53,0,-2.62,0
2.46,18.77,119.31,46.59,0,-0.39,0
0.82,15.08,79.57,46.39,1,-8.92,0
3.32,54.8,135.78,50.27,1,-20.47,0
1.18,9.44,41.34,41.42,0,-2.32,0
0.56,9.98,38.51,34.94,1,-25.84,0
0.32,31.61,76.91,43.71,0,-2.75,0
0.97,60.11,136.53,47.84,0,-1.66,0
4.67,17.61,48.22,49.09,0,-1.25,0
6.37,64.59,148.85,55.19,0,-3.46,0
6.92,47.85,101.49,49.64,0,-2.05,0
1.1,9.14,110.05,52.98,0,-4.16,0
3.79,45.82,130.01,55.63,1,-16.35,1
0.92,30.79,48.37,37.37,0,-1.1,0
3.41,16.97,98.88,51.03,1,-12.06,0
7.64,45.52,163.44,57.18,0,-2.51,0
0.15,28.8,87.98,53.37,0,-3.93,1
14.75,88.84,228.1,64.8,0,-3.17,0
6.14,45.99,93.96,49.11,0,-2.81,0
5.02,22.11,55.88,42.6,0,-3.12,0
4.11,28.63,53.35,40.86,0,-1.87,0
5.15,23.43,116.03,52.58,0,-4.33,1
18.27,106.46,195.47,58.92,0,-0.45,1
5.15,25.22,49.78,41.92,0,-0.33,0
1.52,15.9,49.98,33.83,0,-1.99,0
3.33,15.42,43.43,36.42,0,-0.86,0
1.44,35.87,108.25,58.27,0,-2.54,0
12.28,90.75,177.39,54.51,0,-0.24,0
8.06,44.55,118.64,51.65,0,-2.18,1
2.93,71.83,143.27,55.99,1,-25.85,0
5.32,46.0,111.26,50.6,0,-1.07,0
8.42,57.06,109.66,48.44,0,-2.11,0
0.98,18.33,47.4,45.18,0,-3.87,0
3.03,21.42,82.85,42.28,0,-3.02,0
2.3,73.33,103.37,40.16,0,-0.89,0
5.17,24.07,152.21,62.2,0,-2.35,0
1.67,31.98,104.84,44.2,0,-4.21,1
4.32,28.39,51.94,45.24,0,-2.09,0
1.81,53.66,119.75,50.53,0,-2.22,1
0.41,10.88,28.06,42.93,0,-4.25,0
0.4,16.58,59.34,41.96,0,-0.78,0
0.44,29.57,51.19,38.74,0,-3.36,0
0.12,1.62,13.73,35.08,0,-1.49,0
2.66,14.03,126.76,59.45,0,-3.92,0
3.9,19.25,36.22,45.85,0,-0.43,0
0.47,5.45,33.03,24.31,0,-4.46,0
3.31,18.43,40.49,28.98,0,-3.51,0
3.19,34.46,86.66,42.62,0,-1.42,0
0.56,33.98,78.0,41.08,0,-3.47,0
1.81,73.35,126.73,50.78,0,-4.17,0
4.92,38.34,73.58,46.16,0,-0.69,0
0.06,6.89,17.27,32.88,0,-4.13,0
0.56,43.04,175.33,60.42,1,-7.28,0
19.18,111.59,315.76,61.37,0,-0.23,1
4.63,45.11,140.24,54.19,0,-0.68,0
2.18,16.2,34.83,37.06,0,-4.0,0
3.48,56.99,84.58,47.82,1,-14.71,0
6.55,34.9,96.24,46.95,0,-4.05,0
6.46,27.7,134.9,55.17,1,-6.76,1
1.37,36.61,97.71,44.5,0,-4.33,0
2.37,30.53,80.39,55.67,0,-1.95,0
3.56,15.24,63.15,39.57,0,-0.69,0
0.26,23.75,51.8,43.56,0,-1.67,0
10.2,60.3,172.59,55.82,0,-4.49,1
1.98,44.81,161.27,54.08,0,-2.89,0
1.62,13.05,112.87,44.1,0,-1.66,0
8.32,42.59,87.72,45.52,0,-2.88,0
0.44,15.7,54.81,41.03,0,-2.05,0
0.14,39.6,78.72,43.89,0,-0.41,0
4.04,25.37,51.9,44.98,0,-1.06,0
1.7,19.89,69.46,53.52,0,-0.28,0
5.06,20.46,69.53,44.82,0,-1.3,0
0.25,1.3,12.74,32.84,0,-3.38,0
1.69,55.6,102.98,56.6,1,-13.03,0
0.94,6.14,10.22,23.97,0,-2.47,0
4.71,43.28,184.15,67.16,1,-12.81,0
0.9,12.3,58.24,36.37,0,-2.56,0
2.14,18.84,82.57,47.41,0,-0.27,0
5.98,81.75,119.17,55.78,1,-7.28,0
8.64,55.27,107.66,58.74,1,-14.49,0
4.49,44.66,79.57,46.88,0,-1.67,0
1.96,39.86,103.42,50.98,0,-2.55,0
2.97,16.27,60.86,51.66,0,-2.41,0
4.1,29.02,119.3,44.9,0,-1.01,0
7.28,27.87,55.61,37.38,0,-3.43,0
7.68,57.48,76.82,40.34,0,-0.89,0
9.36,51.57,166.58,51.55,0,-2.17,1
5.83,24.82,113.26,47.08,0,-3.45,0
0.56,48.46,101.32,56.34,0,-3.2,1
4.82,34.96,55.18,49.92,0,-2.06,0
5.9,36.78,78.54,48.66,0,-3.59,0
7.36,43.36,109.05,56.09,0,-3.27,0
9.06,75.69,186.4,62.55,1,-20.41,0
2.49,70.46,186.02,58.44,0,-4.05,0
3.73,29.2,47.45,45.22,0,-0.81,0
0.03,11.83,57.89,46.68,0,-1.74,0
2.98,24.03,39.37,41.82,0,-3.2,0
2.24,18.26,33.32,37.4,0,-3.95,0
11.47,66.47,146.28,56.15,1,-17.8,0
8.12,47.33,105.4,49.87,0,-2.61,0
5.59,79.65,173.18,48.69,1,-20.87,0
0.21,4.5,26.51,34.63,0,-1.79,1
1.8,33.42,93.86,49.41,0,-1.62,0
4.17,27.55,64.51,39.76,0,-3.82,0
0.11,5.75,108.02,48.66,0,-0.52,0
0.94,19.92,104.39,54.09,1,-7.3,0
7.65,54.24,166.79,61.37,0,-2.1,1
0.49,28.64,80.8,38.83,0,-1.95,0
0.18,5.92,16.66,28.23,0,-0.89,0
3.04,23.05,62.1,47.74,0,-1.33,0
10.25,67.47,166.22,50.62,0,-4.39,0
6.3,41.86,95.75,48.76,0,-2.41,0
12.88,77.5,156.72,49.92,1,-19.71,0
4.9,29.78,65.68,40.01,1,-21.72,0
2.01,37.44,116.36,53.84,0,-0.38,1
10.26,61.94,143.17,58.06,0,-1.87,0
1.95,16.01,70.05,50.51,0,-3.92,0
1.51,13.37,39.75,52.67,0,-3.78,0
2.08,10.04,32.15,35.67,0,-1.78,0
5.89,41.12,89.63,47.82,0,-3.53,0
8.74,46.79,198.58,65.69,0,-3.43,0
1.55,16.4,24.6,39.99,0,-2.28,0
2.17,32.71,89.16,51.17,0,-1.94,0
8.0,109.75,215.47,58.4,0,-0.98,1
0.17,2.3,7.71,32.03,0,-1.4,0
5.36,28.96,70.37,42.38,0,-1.66,0
2.12,20.17,55.1,39.01,0,-3.69,0
1.65,13.63,44.29,41.21,0,-2.58,0
2.07,14.36,36.04,48.05,0,-1.06,1
1.9,16.8,58.7,41.64,0,-0.61,0
4.95,39.28,71.82,45.89,0,-2.34,0
9.21,85.44,218.32,52.61,0,-3.07,0
2.37,131.9,304.12,59.91,0,-3.72,1
6.26,54.98,144.41,56.86,0,-3.63,0
4.61,22.64,47.05,42.89,0,-3.74,0
1.41,31.22,67.26,54.46,0,-2.13,0
3.1,31.72,57.47,37.58,0,-3.92,0
3.85,27.75,87.04,48.81,0,-2.11,0
0.08,55.26,123.4,50.62,0,-0.92,0
1.76,30.21,88.39,49.75,0,-1.91,0
17.19,113.05,277.2,60.71,1,-25.37,0
3.55,18.97,51.22,32.78,0,-1.89,0
1.42,46.38,124.46,56.21,1,-21.28,0
1.01,37.24,79.34,43.18,0,-3.02,0
0.82,9.49,19.62,31.56,0,-1.17,0
1.8,16.35,64.12,44.49,1,-18.82,0
0.75,4.45,33.86,36.97,0,-2.76,0
0.51,2.73,6.91,15.0,0,-0.56,0
1.58,26.78,135.38,46.19,1,-8.98,0
3.27,15.74,41.2,37.67,0,-0.97,0
0.55,54.47,138.1,65.95,0,-3.86,0
0.16,37.79,68.61,40.34,0,-1.93,0
0.12,9.17,27.65,33.43,0,-1.15,0
1.09,12.63,95.11,56.04,0,-3.07,0
0.74,12.24,57.42,46.32,0,-2.58,1
2.71,11.62,40.1,40.89,0,-0.94,0
2.13,10.48,45.58,40.75,0,-3.76,0
1.37,19.33,85.13,38.31,0,-2.15,0
6.28,75.92,142.77,46.98,1,-11.15,0
2.46,61.61,105.22,46.12,0,-3.62,0
0.34,34.08,78.57,44.77,0,-0.77,0
1.23,23.31,51.26,47.5,0,-4.36,0
12.69,102.61,247.67,62.21,1,-7.23,0
13.2,54.64,137.94,51.23,0,-3.33,0
1.03,8.14,28.1,34.03,1,-15.75,0
0.64,25.21,60.41,50.29,0,-1.01,0
2.4,60.2,99.76,50.6,1,-24.59,1
2.3,6.76,39.44,41.94,0,-1.44,0
1.85,15.29,38.89,36.04,0,-3.13,0
2.64,13.49,51.53,31.89,0,-1.31,0
0.92,7.11,54.46,45.44,0,-1.24,0
0.43,7.17,16.97,33.43,0,-2.17,1
2.96,21.4,65.33,49.23,0,-3.71,0
9.44,108.44,149.33,55.92,0,-2.84,0
0.52,41.0,91.06,60.83,0,-0.48,0
4.27,73.01,121.3,47.94,1,-19.7,0
2.02,8.58,45.84,34.77,0,-2.69,0
1.22,5.24,103.04,49.49,0,-2.88,0
6.71,42.3,128.23,51.94,0,-1.72,0
2.13,55.67,101.54,49.23,0,-2.59,1
3.06,20.0,34.58,36.81,0,-1.8,0
2.05,26.8,74.09,44.39,0,-0.55,0
0.3,5.92,10.3,26.62,0,-3.83,0
3.16,18.78,84.06,42.7,0,-3.12,0
1.9,12.97,25.75,37.5,0,-3.08,0
0.32,26.57,66.52,50.57,0,-1.03,0
3.17,17.52,46.16,56.75,0,-3.05,0
0.03,5.32,48.11,42.58,0,-1.2,0
0.82,12.64,32.38,42.33,0,-3.16,0
5.32,46.13,103.2,51.51,0,-1.63,0
0.14,13.19,51.86,45.13,0,-0.88,0
3.64,76.0,122.73,52.45,0,-4.1,0
10.46,66.69,172.94,56.03,0,-0.65,0
0.66,6.57,19.28,31.43,0,-3.48,0
1.89,22.76,44.92,49.46,0,-0.64,1
3.0,29.54,64.95,53.23,0,-3.14,0
2.1,38.01,58.29,38.79,0,-0.67,0
3.39,67.29,102.61,52.85,0,-2.39,0
1.81,40.95,95.99,48.13,0,-1.01,0
0.56,11.92,75.64,55.23,0,-3.93,0
0.33,6.11,24.04,28.25,0,-1.93,0
4.78,62.79,146.09,60.89,0,-0.27,0
0.95,12.14,100.24,50.53,0,-2.9,0
6.58,59.12,182.07,48.87,0,-2.11,0
4.76,108.09,238.5,71.2,0,-3.9,0
0.18,17.68,133.09,45.27,1,-20.67,0
0.79,17.41,51.0,36.3,0,-1.97,0
1.21,29.56,75.48,40.02,0,-2.15,0
3.16,14.1,87.3,54.67,0,-3.9,1
5.81,45.51,92.01,45.82,0,-2.72,0
0.22,8.23,24.3,28.45,0,-3.08,0
1.01,6.9,50.65,44.39,0,-3.3,0
1.65,28.14,76.02,40.79,0,-4.23,0
0.71,19.36,96.17,51.8,0,-3.8,0
2.76,44.02,117.46,54.03,0,-4.19,0
2.28,53.35,99.77,51.23,0,-1.68,0
1.33,9.75,24.88,24.71,0,-1.12,0
2.55,36.93,101.85,56.06,0,-1.07,0
1.54,13.45,40.77,46.28,0,-3.89,0
1.47,24.06,33.6,41.77,0,-3.77,0
1.08,44.04,110.84,55.21,0,-3.0,0
2.72,16.57,32.67,35.91,0,-0.47,0
2.06,23.75,56.04,51.14,0,-1.57,0
0.76,16.49,38.71,31.49,0,-3.36,0
0.05,31.42,57.78,31.53,0,-1.27,0
0.57,25.8,58.87,49.34,0,-2.88,0
0.15,29.83,76.81,37.7,0,-2.53,0
1.98,17.01,48.03,46.22,1,-11.11,0
0.89,26.61,97.29,42.53,0,-4.22,0
1.91,26.32,92.49,52.15,0,-1.3,0
1.4,16.12,47.36,36.87,0,-4.05,0
2.7,21.49,96.76,51.52,0,-2.53,0
4.5,24.77,55.15,49.38,0,-0.59,1
2.28,6.13,31.8,32.34,0,-3.78,0
0.22,4.64,18.19,40.53,0,-3.6,0
0.06,1.49,37.9,38.29,0,-3.77,0
0.84,40.55,104.33,51.16,0,-2.94,0
1.94,49.37,112.12,57.5,0,-3.26,0
0.16,38.05,81.12,53.75,0,-4.1,0
1.39,41.19,102.07,49.95,0,-0.75,1
7.63,39.55,96.57,41.86,1,-14.12,0
0.33,15.37,63.0,44.18,0,-0.74,1
10.38,93.52,143.39,47.42,0,-3.94,1
6.8,49.94,141.39,54.31,0,-2.62,0
6.24,33.59,95.35,47.59,0,-0.96,0
6.97,48.85,79.6,39.72,0,-0.81,0
0.29,1.94,58.45,38.59,0,-2.12,0
0.57,8.21,58.55,49.42,0,-3.71,0
0.51,13.75,116.43,50.47,0,-3.66,0
0.41,46.42,104.06,48.25,0,-3.86,0
1.39,27.99,82.36,50.07,0,-3.51,0
6.21,45.81,149.17,63.68,0,-0.46,0
1.02,17.93,32.64,33.84,0,-3.3,0
0.98,38.81,116.19,57.91,0,-2.43,0
3.94,21.77,53.31,41.91,0,-3.32,0
0.36,20.36,44.23,49.47,1,-12.72,0
1.56,11.83,25.85,40.08,0,-2.28,0
1.23,16.31,43.96,37.92,0,-0.74,0
6.58,23.5,50.53,42.68,0,-4.09,0
2.53,46.1,98.87,45.84,0,-1.81,0
3.64,15.92,46.69,41.22,0,-2.7,0
0.48,7.07,30.17,31.91,0,-1.09,0
9.25,56.03,182.48,54.73,1,-8.46,0
1.36,25.43,45.95,46.08,0,-3.94,0
4.29,43.16,91.34,49.91,0,-1.1,0
10.82,37.52,82.16,49.17,1,-19.83,0
2.49,14.53,42.23,36.83,0,-1.32,0
2.48,39.08,97.43,48.1,0,-2.67,0
0.44,27.5,74.77,44.34,0,-2.44,0
1.73,42.84,112.85,48.71,0,-0.95,0
6.7,43.68,117.73,49.1,0,-3.18,0
0.51,29.71,70.07,40.95,0,-4.1,0
8.73,31.83,75.71,39.37,0,-1.05,0
3.85,29.72,53.6,41.6,0,-3.09,0
1.91,39.76,65.67,39.69,1,-19.47,0
2.77,16.07,45.83,48.5,0,-1.61,0
0.57,12.68,38.35,31.63,0,-2.86,0
0.86,31.16,89.92,46.54,0,-1.1,0
1.18,21.66,83.6,51.25,0,-3.79,0
1.7,30.55,123.5,42.19,0,-0.3,0
8.65,37.54,75.85,50.17,0,-2.64,1
1.6,5.35,15.33,27.11,0,-1.57,0
2.6,7.23,60.67,38.06,1,-15.75,0
0.62,60.35,123.14,55.78,0,-2.35,0
4.66,79.75,187.82,62.05,0,-3.65,0
2.88,16.73,39.8,33.17,0,-4.17,0
2.03,8.99,55.57,40.73,0,-1.64,0
10.29,33.56,110.49,57.41,0,-3.99,0
7.75,46.73,118.22,50.07,0,-3.32,0
3.77,23.9,83.91,42.61,0,-0.67,0
8.92,57.88,120.3,51.91,0,-0.65,0
2.91,49.4,98.77,49.36,0,-3.71,0
6.14,60.23,142.06,53.52,0,-2.21,0
1.84,7.96,53.26,44.15,0,-2.33,0
0.32,24.95,102.59,47.13,0,-4.03,0
17.99,75.66,184.77,61.5,1,-24.44,0
0.63,6.61,30.26,34.23,0,-0.68,0
1.01,30.63,54.56,34.99,0,-1.81,0
0.62,4.9,9.71,37.06,0,-4.05,0
1.44,12.34,88.5,40.64,0,-3.73,0
1.2,9.65,31.96,40.71,0,-3.3,0
3.22,70.72,176.82,56.96,0,-0.64,0
19.75,85.02,151.71,55.81,0,-2.87,0
0.19,11.18,23.92,29.78,0,-2.7,0
5.27,56.82,145.43,52.71,0,-0.92,0
0.48,7.66,56.84,46.66,0,-3.53,0
0.07,53.9,79.78,41.42,0,-1.54,0
3.56,34.86,79.89,44.47,0,-2.87,0
7.23,41.76,91.35,54.05,0,-1.76,0
0.68,34.76,92.39,45.99,0,-0.56,0
1.46,26.8,75.71,46.42,1,-15.91,0
0.65,45.51,151.7,56.26,0,-1.52,0
8.29,66.8,145.66,50.8,0,-0.51,0
1.1,10.85,34.97,39.53,0,-1.05,1
2.06,17.48,53.21,41.53,0,-2.86,0
7.88,36.47,140.8,50.69,0,-0.64,0
2.82,18.28,48.55,44.01,0,-0.58,0
9.45,39.39,93.79,49.85,0,-4.26,0
9.13,47.14,89.93,48.21,0,-0.66,0
2.17,13.38,34.29,35.67,0,-1.82,0
3.06,39.53,91.09,41.4,0,-0.77,0
0.92,39.0,81.6,46.5,0,-4.24,0
16.31,62.97,87.23,37.04,0,-2.27,0
1.14,6.39,28.73,39.31,0,-0.68,0
5.35,34.95,58.06,37.16,0,-3.51,0
1.31,47.56,128.37,56.12,0,-3.56,0
1.31,19.38,136.33,47.24,1,-15.41,0
0.38,82.69,132.16,47.35,0,-3.23,0
2.87,56.08,136.63,50.57,0,-0.44,0
0.98,49.16,116.58,61.42,0,-2.57,0
0.56,5.13,34.22,35.02,0,-1.85,0
0.9,15.42,53.89,50.42,0,-3.42,0
1.01,106.15,161.37,58.86,0,-2.74,0
2.45,11.25,30.74,34.92,0,-3.32,0
1.71,21.93,76.95,47.35,0,-0.98,0
0.27,9.59,40.28,40.49,0,-2.08,0
2.69,17.24,56.25,44.77,0,-2.06,0
5.42,69.8,232.66,67.91,0,-4.42,0
2.99,31.9,105.33,51.14,0,-0.28,0
12.85,72.1,142.0,57.88,0,-3.71,0
0.37,24.52,87.82,58.03,0,-0.62,0
6.02,47.5,86.55,40.2,0,-0.55,0
2.47,38.49,113.05,51.1,0,-1.61,0
2.58,83.84,225.57,64.91,0,-3.21,1
2.56,77.69,194.67,52.1,1,-7.81,1
1.38,38.22,59.57,38.39,0,-2.9,0
1.37,20.64,50.29,36.54,0,-3.53,0
3.5,14.16,35.65,39.51,0,-1.2,0
0.16,1.68,31.56,39.08,0,-2.93,0
3.11,22.43,85.68,43.5,0,-2.94,0
4.51,24.71,42.76,41.59,0,-3.01,0
1.54,7.07,25.06,31.26,0,-2.76,0
0.86,7.32,34.7,43.62,0,-1.15,0
0.84,4.17,11.17,32.24,0,-4.13,0
0.3,15.58,53.27,45.58,0,-4.4,0
0.33,3.9,25.56,42.6,0,-3.16,0
0.64,29.42,67.36,48.23,0,-2.11,0
0.07,8.28,45.16,37.19,0,-2.51,0
1.08,27.48,80.45,47.69,0,-0.67,0
1.28,50.48,87.45,41.63,0,-1.76,0
18.7,107.53,205.28,54.19,0,-4.4,0
16.77,146.95,283.96,66.64,1,-7.18,1
0.72,24.49,83.81,55.99,0,-2.61,0
0.84,5.94,16.16,36.89,0,-4.3,0
2.37,20.98,45.61,41.85,0,-4.01,0
0.56,46.63,119.72,44.95,1,-17.85,0
2.45,31.03,66.81,45.35,0,-1.36,0
1.78,13.06,51.27,36.44,0,-0.7,0
1.37,60.27,165.64,58.84,0,-3.91,0
6.05,56.42,111.79,44.9,0,-4.16,0
6.16,43.19,90.6,49.48,0,-2.33,1
15.45,136.47,297.22,61.59,1,-6.31,1
0.88,32.69,77.27,46.97,0,-2.81,0
7.67,51.67,139.26,51.89,0,-1.78,0
2.7,31.6,116.92,44.32,0,-0.88,0
3.13,49.28,134.5,59.19,1,-14.95,0
7.93,27.1,104.94,49.18,1,-24.8,0
10.0,36.87,78.81,44.64,0,-3.26,0
4.54,25.52,98.26,49.06,0,-2.05,0
1.5,12.41,39.67,35.38,0,-3.76,0
2.35,16.14,39.19,35.25,0,-3.21,0
3.34,46.26,126.77,60.44,0,-0.73,0
6.17,52.91,119.42,52.84,1,-13.73,0
3.75,13.23,28.04,33.23,0,-1.32,0
1.59,29.88,70.92,37.13,0,-3.27,0
1.89,29.9,77.17,43.97,0,-2.54,0
0.18,7.04,46.37,35.48,0,-1.66,0
9.03,45.06,164.62,54.71,0,-1.62,0
0.32,7.08,17.11,39.46,0,-0.69,0
3.04,37.28,95.74,56.57,0,-1.12,0
7.19,41.21,79.16,45.56,0,-3.27,0
1.91,14.65,37.34,34.61,0,-2.82,0
5.64,21.15,54.95,45.16,0,-1.73,0
5.7,75.77,209.37,65.55,1,-7.42,0
0.22,28.7,61.97,42.37,0,-2.28,0
1.86,21.64,76.84,56.57,1,-25.05,0
4.11,81.32,178.57,55.19,0,-3.56,0
1.92,16.65,76.56,44.64,0,-3.85,0
2.76,33.39,71.18,44.69,0,-3.85,0
3.16,23.44,51.77,39.89,0,-3.12,0
0.57,10.61,57.05,36.97,0,-3.42,0
1.86,44.01,102.99,54.27,1,-21.82,0
0.1,31.43,82.33,45.95,0,-0.93,1
0.57,9.25,14.06,41.53,0,-1.49,0
2.51,15.18,47.93,44.56,0,-0.65,0
2.98,19.39,46.21,41.91,0,-1.01,0
0.55,31.75,85.92,57.61,0,-3.55,0
4.93,24.37,49.39,44.63,0,-4.27,0
1.63,28.41,42.91,42.91,0,-3.1,0
8.87,79.29,221.72,57.35,0,-4.01,1
1.72,10.33,58.17,41.76,0,-1.57,0
0.57,41.35,86.64,53.04,0,-3.84,1
4.97,14.66,63.75,48.14,0,-1.66,0
2.94,32.63,93.36,46.06,1,-11.46,0
1.71,38.34,68.16,56.61,0,-3.63,1
1.54,17.57,47.07,39.47,0,-4.43,0
0.57,6.01,69.67,51.06,0,-3.76,0
1.46,58.34,109.77,52.58,0,-1.91,0
0.1,0.72,36.99,40.24,0,-0.67,0
2.44,24.11,73.99,44.28,0,-3.96,0
7.95,32.56,101.84,51.26,0,-2.66,0
5.55,36.36,89.02,40.68,0,-3.89,0
0.1,15.67,70.45,50.87,1,-22.97,0
7.46,40.64,91.96,52.62,0,-0.32,0
2.11,13.15,33.11,46.21,0,-0.43,0
0.74,25.06,85.27,48.23,0,-3.08,0
4.89,20.23,65.7,39.49,0,-0.69,0
1.36,5.48,9.25,36.42,0,-3.41,0
1.02,18.66,47.63,39.31,0,-2.0,0
0.62,18.87,85.85,30.03,0,-2.62,0
2.33,20.37,118.52,54.84,0,-3.65,0
0.34,17.54,64.9,48.99,0,-1.29,0
5.39,38.85,77.07,52.61,0,-1.98,0
2.23,21.54,45.05,35.5,0,-3.34,0
2.07,29.18,49.34,43.58,0,-4.15,0
0.01,63.4,127.68,56.25,0,-1.45,0
5.96,36.31,85.56,50.98,0,-2.88,1
2.38,41.32,143.03,51.91,0,-4.29,0
2.03,11.33,68.18,46.7,0,-2.99,0
5.02,55.0,120.19,58.12,1,-12.3,0
0.23,22.29,49.81,31.73,0,-4.24,0
1.6,24.78,94.29,49.13,0,-4.2,1
3.0,60.62,147.92,60.38,0,-3.46,0
2.16,12.54,40.26,46.88,0,-2.57,0
0.7,11.43,41.51,46.88,0,-0.62,0
1.24,7.87,34.13,41.9,0,-1.16,0
1.25,29.22,78.38,56.07,0,-1.3,0
16.89,106.74,242.17,66.66,0,-0.34,0
1.38,13.87,44.34,28.21,0,-0.64,0
0.8,12.4,54.02,39.82,0,-1.47,0
6.05,46.42,93.82,56.27,0,-0.59,0
1.91,12.49,187.98,56.02,0,-0.93,0
2.05,17.27,46.61,46.88,0,-0.43,0
2.79,17.31,45.22,43.92,0,-1.99,0
3.17,26.48,67.91,54.29,0,-3.73,0
3.13,30.95,78.58,44.6,0,-3.69,0
0.12,5.3,18.2,23.06,0,-4.09,0
5.98,42.95,114.45,50.79,0,-3.41,1
0.76,55.42,87.3,41.05,0,-1.25,0
1.21,5.26,25.27,32.26,0,-3.22,0
0.67,25.84,45.47,26.15,0,-3.44,0
5.1,46.12,68.59,45.09,0,-2.54,0
3.07,60.69,192.18,61.03,0,-3.67,0
4.93,49.77,149.15,57.94,0,-0.51,0
3.71,31.99,67.68,49.78,1,-15.07,0
0.38,30.94,136.93,55.92,1,-19.92,0
1.26,9.47,24.52,31.1,0,-3.66,0
2.48,29.08,46.01,46.51,0,-0.75,0
1.27,19.54,44.95,43.55,0,-1.11,0
0.81,14.29,57.25,42.44,0,-2.6,0
7.14,44.11,128.02,52.85,1,-21.39,0
4.82,26.2,41.44,36.01,0,-0.56,0
1.48,12.42,21.3,39.76,0,-3.4,0
5.07,46.65,107.93,51.23,0,-1.08,0
3.46,60.73,140.08,59.04,0,-0.65,1
0.01,5.3,52.71,31.8,0,-1.9,0
1.67,7.71,29.2,36.5,0,-2.71,0
1.2,206.02,332.43,66.84,1,-17.33,1
0.86,28.23,97.59,43.83,0,-2.93,0
1.01,46.73,109.66,47.56,0,-2.31,0
9.99,49.32,108.88,54.93,1,-11.39,0
2.33,38.4,78.64,49.8,0,-1.46,0
6.59,57.34,140.21,56.13,0,-3.51,0
0.84,6.79,51.17,47.95,0,-0.69,0
0.67,5.37,16.3,34.45,0,-0.83,0
7.69,40.86,83.62,54.61,0,-3.29,0
2.4,13.48,39.14,34.0,0,-4.33,0
7.89,121.27,198.99,60.51,1,-13.65,1
0.23,10.09,27.28,35.68,0,-2.82,0
8.69,57.79,111.87,45.47,0,-1.23,0
1.88,38.07,64.87,53.18,0,-0.31,0
0.59,11.32,37.05,35.69,0,-3.78,0
4.03,34.29,76.08,48.3,0,-2.39,0
5.58,29.51,73.39,43.43,0,-0.3,0
0.17,11.05,39.84,44.41,0,-4.05,0
15.25,114.91,287.37,62.52,0,-2.5,1
4.18,20.02,44.59,38.59,0,-3.37,1
1.36,14.82,37.17,38.12,0,-2.02,0
0.57,33.99,76.34,46.81,1,-14.44,0
1.74,27.37,75.16,43.44,0,-2.2,1
0.87,25.06,35.17,33.61,0,-1.44,0
2.39,50.43,101.04,47.44,0,-1.48,0
5.33,31.73,64.55,43.46,0,-2.97,0
3.78,42.6,90.75,50.04,1,-14.69,0
2.0,51.97,103.22,48.4,0,-1.91,0
0.44,2.57,38.51,32.67,0,-2.55,0
11.03,71.37,170.33,51.23,0,-3.25,0
1.1,11.41,56.5,38.04,0,-2.92,0
1.14,7.87,122.87,54.48,0,-4.01,0
3.63,31.68,120.61,56.95,0,-4.47,0
5.15,35.7,95.61,43.87,0,-4.23,0
14.51,114.13,209.84,62.12,0,-3.49,0
12.18,63.23,128.77,55.32,1,-20.31,0
8.58,86.69,152.09,64.92,0,-0.35,0
2.0,12.48,49.1,52.59,0,-2.49,0
0.64,6.82,107.72,56.32,0,-3.05,0
3.07,78.38,192.78,62.42,0,-1.98,1
0.06,43.89,106.61,53.54,0,-1.85,1
0.76,7.38,42.92,35.83,0,-2.53,0
0.01,19.43,26.67,29.28,0,-4.1,1
0.7,12.3,42.27,31.54,0,-1.32,0
2.25,24.16,43.31,40.37,0,-1.92,0
1.75,46.69,100.19,46.27,0,-3.01,0
1.61,34.04,51.87,45.57,0,-1.0,0
6.22,24.4,72.86,40.16,0,-3.79,0
3.93,21.79,61.88,44.98,0,-3.06,0
9.64,55.02,94.11,45.36,0,-1.71,0
2.06,38.13,94.51,42.34,0,-3.31,0
1.11,17.61,68.81,40.98,0,-1.4,0
0.46,61.66,228.48,57.82,0,-3.53,0
3.9,51.81,141.46,54.65,0,-0.5,0
6.45,39.16,84.86,44.76,0,-2.04,0
0.71,33.77,83.95,43.01,0,-1.33,0
7.38,35.56,62.87,39.9,0,-3.71,1
2.61,20.06,57.56,24.17,0,-3.44,0
0.54,10.53,44.6,38.0,0,-3.82,0
3.6,86.56,130.05,53.77,0,-3.0,0
2.57,22.0,90.53,46.54,0,-3.62,0
0.1,26.01,94.55,50.23,0,-2.09,0
1.78,22.03,47.15,45.34,0,-3.12,1
5.38,33.39,67.38,50.08,0,-0.33,0
2.84,45.56,105.92,55.67,0,-3.99,0
1.16,42.78,95.24,46.26,0,-3.14,0
9.24,29.37,111.73,46.87,0,-3.92,0
0.95,11.28,21.69,30.61,0,-3.51,0
1.02,18.49,55.75,45.46,0,-1.43,0
1.53,14.85,29.33,37.36,0,-1.37,0
7.87,51.54,114.55,48.05,0,-3.64,0
2.48,9.87,47.85,46.06,0,-0.99,0
4.01,50.28,101.0,44.59,0,-0.68,0
13.09,73.03,176.89,55.16,0,-0.26,0
5.35,24.46,40.59,39.95,0,-1.48,0
0.66,10.66,33.23,41.09,0,-0.63,0
5.43,29.64,86.17,53.78,0,-3.65,0
4.83,18.89,178.83,59.44,0,-2.28,0
0.93,28.99,79.41,40.72,0,-1.29,0
1.38,15.39,32.31,41.96,0,-2.79,0
4.33,38.77,80.98,41.95,0,-0.5,0
0.95,19.56,49.37,38.63,0,-3.32,0
0.82,5.34,8.7,23.79,0,-2.36,0
4.25,37.36,70.97,44.99,0,-0.23,0
7.44,65.68,173.26,52.39,0,-1.57,0
0.27,8.18,62.36,46.17,0,-3.43,0
2.07,32.74,60.8,45.57,0,-1.01,0
3.27,20.65,55.28,46.11,0,-4.34,0
3.95,25.65,60.96,44.95,0,-4.06,0
19.5,89.94,204.79,60.8,1,-8.06,1
4.02,26.27,72.41,40.8,0,-0.54,1
3.39,43.39,89.28,45.07,0,-1.72,0
16.03,56.06,89.75,48.03,1,-10.5,0
0.22,2.94,14.21,30.74,0,-0.79,0
0.27,21.41,91.59,47.14,0,-4.5,1
2.88,26.09,74.32,48.82,0,-0.83,0
1.55,16.99,75.93,57.9,0,-1.56,0
0.36,34.54,75.23,48.22,0,-3.98,0
1.28,7.29,37.95,34.86,0,-0.82,0
3.93,69.0,96.2,53.38,1,-7.99,1
7.44,41.83,114.47,48.73,0,-4.4,0
0.35,13.79,70.42,47.11,0,-1.26,0
2.72,69.07,141.79,57.16,0,-3.22,0
1.23,35.38,69.54,46.33,0,-0.54,1
3.85,20.57,64.05,41.17,0,-2.78,0
2.79,27.98,68.36,45.33,0,-1.66,0
9.15,51.62,114.74,49.37,0,-3.21,0
0.13,14.79,56.84,40.14,1,-20.72,0
2.22,34.67,88.53,40.1,1,-23.4,0
0.75,16.77,59.49,42.61,0,-2.55,0
2.69,10.21,40.19,49.62,0,-0.8,0
6.72,43.69,59.72,30.76,0,-3.7,0
8.48,43.06,69.64,34.08,0,-3.43,0
1.78,13.24,42.93,39.78,0,-2.54,0
5.85,43.28,119.04,56.14,0,-1.78,1
1.15,23.66,100.07,43.28,0,-4.14,0
0.02,14.21,61.34,44.68,0,-2.93,0
6.76,33.78,87.6,47.4,0,-1.42,0
0.45,56.13,95.62,46.38,0,-3.67,0
0.06,21.33,45.18,41.95,0,-2.93,0
1.53,13.68,27.9,30.34,0,-0.75,0
1.67,72.15,191.47,63.9,0,-0.69,0
0.28,44.23,90.6,39.1,0,-4.23,0
5.89,28.36,55.86,42.06,0,-1.44,0
1.82,27.98,80.38,47.6,1,-25.39,0
2.36,24.25,45.5,39.29,0,-0.36,0
1.08,7.42,32.22,34.08,0,-2.59,0
2.51,14.18,56.47,45.74,0,-1.19,0
5.09,37.5,111.55,49.46,0,-0.8,0
8.28,42.3,77.03,38.91,0,-3.53,0
12.34,92.01,181.48,54.69,0,-3.68,0
1.95,9.4,51.34,41.96,0,-3.28,0
16.13,141.33,264.88,60.11,0,-0.25,1
1.22,41.9,140.32,53.02,0,-1.43,0
0.02,26.93,47.44,44.45,0,-1.75,0
5.11,19.72,65.38,41.41,0,-3.17,0
0.69,28.26,57.31,42.3,0,-3.45,0
0.19,12.42,41.88,38.25,0,-2.9,0
9.02,61.05,194.88,64.41,1,-13.29,0
5.49,38.29,95.93,49.68,0,-2.04,0
0.38,38.1,87.72,52.23,0,-2.53,0
5.25,29.9,71.69,41.97,0,-0.48,0
6.5,41.13,138.15,63.2,0,-2.04,0
8.25,65.09,155.48,60.19,1,-16.61,0
2.75,30.72,46.69,48.7,0,-2.83,0
4.25,24.68,51.18,42.44,0,-1.82,0
5.03,27.17,47.91,37.66,0,-1.23,0
4.08,35.79,62.19,42.64,0,-1.22,0
3.64,22.0,115.13,52.98,1,-11.36,0
2.78,9.19,27.81,36.33,0,-3.21,0
2.28,8.86,27.59,33.24,0,-2.88,0
19.44,90.2,198.68,59.22,0,-2.69,0
1.44,6.35,22.22,34.87,0,-2.48,0
0.32,53.68,124.78,48.96,0,-1.78,0
5.07,24.65,44.02,37.92,0,-3.51,0
0.84,32.61,76.53,53.1,0,-4.16,0
2.66,13.06,49.36,47.03,0,-2.09,0
0.35,53.12,101.91,46.29,0,-1.96,0
3.38,13.51,81.53,56.72,0,-0.9,0
10.09,58.05,142.01,50.83,0,-3.08,1
4.49,20.38,57.45,44.84,0,-2.6,0
0.85,7.21,81.03,53.81,0,-4.45,0
12.41,67.81,118.45,48.34,0,-2.71,1
1.28,38.59,104.03,44.9,0,-1.44,0
2.01,13.15,33.43,39.44,0,-2.62,0
2.41,35.87,104.3,50.22,0,-4.43,0
16.38,110.82,171.77,55.65,0,-3.31,1
0.25,49.27,105.24,43.92,0,-0.75,0
4.18,25.74,68.33,51.54,0,-1.68,0
1.57,9.89,34.92,38.66,0,-1.48,0
0.29,3.4,51.88,45.04,0,-3.88,1
9.57,45.03,107.62,56.83,1,-16.95,0
3.12,22.19,58.55,34.35,0,-3.68,0
4.9,29.98,74.31,46.93,1,-13.65,0
0.96,9.22,81.68,39.7,0,-4.1,0
5.02,38.82,106.85,54.66,0,-0.45,0
6.17,41.77,80.52,53.82,0,-1.81,0
1.97,15.09,110.14,50.88,0,-0.26,0
2.97,12.84,37.67,37.8,0,-0.99,0
12.5,60.61,231.99,64.12,0,-4.34,1
6.56,44.52,64.67,46.64,0,-0.54,0
2.06,36.12,279.21,62.36,0,-0.83,0
3.82,59.7,114.93,55.44,0,-4.18,0
5.37,60.17,149.65,54.35,0,-3.25,0
0.09,5.72,43.2,41.09,0,-1.95,0
3.11,14.38,54.41,35.89,0,-0.5,0
14.59,109.68,273.67,68.99,1,-21.69,0
10.29,63.6,157.92,51.89,0,-2.32,0
6.25,50.85,91.11,50.32,0,-1.59,0
0.39,26.81,68.16,39.29,0,-1.75,1
17.93,58.87,120.47,50.34,0,-2.37,0
3.29,54.14,150.41,53.01,0,-2.57,1
0.88,7.74,21.15,35.85,0,-3.72,0
3.93,23.85,60.48,50.82,0,-3.52,0
6.8,41.88,95.1,45.5,0,-3.5,0
0.42,18.04,61.01,38.98,0,-3.34,0
8.69,39.16,118.98,57.58,0,-3.46,0
8.85,46.74,84.42,44.15,0,-3.11,0
0.05,16.34,92.73,60.58,0,-3.93,0
8.07,32.07,115.54,46.68,0,-2.6,0
10.27,54.95,121.69,56.32,0,-2.44,0
0.13,22.51,49.24,33.32,0,-3.22,0
1.22,37.99,111.97,46.46,0,-0.91,0
1.63,17.71,46.92,35.56,0,-3.54,0
1.5,24.72,85.12,44.84,1,-9.63,0
4.98,29.06,89.74,52.67,0,-1.47,0
1.55,10.11,26.68,34.81,0,-2.83,0
10.98,67.87,171.19,63.04,0,-0.34,1
18.54,100.75,241.9,65.8,1,-11.12,1
1.33,27.43,72.08,40.68,0,-2.61,0
2.49,25.0,67.81,44.32,0,-3.1,0
2.86,12.83,61.59,49.77,0,-0.81,0
3.03,32.15,61.72,39.41,0,-3.68,0
1.64,54.61,122.67,55.67,0,-1.3,0
0.64,10.79,65.78,40.85,0,-3.14,0
0.2,81.48,127.76,48.6,0,-2.75,0
0.39,66.07,166.75,55.49,0,-3.01,0
8.1,51.77,234.79,55.85,1,-22.93,0
1.15,39.96,109.67,57.48,1,-8.01,0
0.28,11.71,27.74,21.2,0,-3.62,0
3.42,24.13,61.97,46.33,0,-2.24,1
0.27,63.08,139.93,57.19,0,-1.96,0
0.25,10.33,48.02,38.43,0,-1.67,0
3.4,13.71,26.66,24.99,0,-4.19,0
3.13,21.49,104.64,52.89,0,-3.45,0
0.15,25.67,68.62,42.77,0,-3.2,0
2.16,19.03,160.25,53.33,0,-4.18,0
2.0,13.39,39.57,44.59,0,-1.7,0
2.77,45.91,127.42,60.66,0,-2.91,0
4.69,33.1,72.87,43.24,1,-17.21,0
1.16,23.53,68.59,41.13,0,-4.48,0
1.98,10.0,26.95,21.32,0,-2.04,0
5.51,20.13,39.26,30.56,0,-1.92,0
8.95,54.2,120.52,48.64,1,-13.53,0
7.77,39.66,66.94,50.07,0,-0.62,0
2.27,41.53,184.85,60.61,1,-12.3,1
2.58,34.63,48.74,46.18,0,-0.94,0
2.64,21.5,70.6,48.84,1,-16.8,0
7.11,75.59,159.42,56.38,0,-4.35,0
6.41,38.89,85.54,48.36,0,-4.29,0
1.31,10.04,59.43,45.91,0,-1.6,0
0.62,39.59,89.4,47.37,0,-3.6,0
1.67,12.3,100.74,51.69,0,-3.95,0
1.19,30.31,102.64,52.16,0,-2.2,0
10.54,56.14,137.7,55.61,0,-1.16,0
1.08,5.58,29.8,33.11,0,-0.76,0
0.7,22.78,75.57,52.95,0,-0.81,0
8.04,30.35,90.38,55.25,0,-3.63,0
0.32,2.32,11.4,23.45,0,-1.85,0
1.06,17.11,34.88,27.29,0,-3.18,0
2.02,16.74,43.15,37.34,0,-2.52,0
3.16,44.47,90.55,44.65,0,-1.9,0
1.39,38.14,87.43,39.95,0,-0.73,0
2.4,27.97,53.45,40.07,0,-1.63,0
0.78,10.03,37.97,45.36,0,-3.81,0
2.99,24.87,120.68,54.86,0,-3.69,1
1.83,33.56,63.13,48.05,0,-0.32,0
6.62,26.15,47.05,47.11,0,-0.8,0
1.88,15.46,43.2,43.41,0,-3.45,0
2.05,46.21,115.55,51.15,1,-10.91,0
3.14,26.54,127.0,59.12,0,-2.97,0
0.46,20.79,89.31,44.47,0,-2.62,0
0.6,5.21,17.49,24.4,0,-3.0,0
5.47,62.62,124.15,59.96,1,-22.18,0
1.12,8.59,106.93,58.6,0,-4.2,0
4.04,61.46,151.72,53.67,0,-0.29,0
0.36,3.94,13.31,27.82,0,-0.23,0
6.04,65.28,136.08,57.02,0,-1.17,0
15.55,83.52,249.99,56.68,1,-19.4,0
1.64,27.67,51.76,40.37,0,-0.51,0
2.46,46.08,167.25,58.2,0,-3.96,0
2.05,7.15,17.06,28.39,0,-0.88,0
7.86,36.75,86.32,53.51,0,-0.67,0
0.03,47.96,76.22,47.65,0,-3.55,0
3.71,22.9,40.83,38.28,0,-3.84,0
3.7,40.95,85.57,52.81,0,-3.61,0
1.69,12.54,40.47,39.63,0,-1.24,0
0.87,25.75,89.63,44.94,0,-3.98,0
0.96,7.16,106.54,57.19,0,-0.51,0
5.64,48.72,92.6,48.83,0,-1.67,0
0.24,8.51,20.5,16.41,0,-2.19,0
2.9,20.36,61.47,45.03,0,-0.49,1
1.28,8.36,73.62,36.32,0,-2.69,0
1.08,23.44,80.53,57.53,0,-2.61,0
2.47,21.69,49.74,42.93,0,-4.47,0
7.98,50.25,135.88,56.02,0,-2.87,0
3.37,39.97,76.54,50.18,0,-1.91,0
5.44,28.76,38.22,29.37,0,-3.6,0
3.21,51.14,88.95,50.4,0,-1.64,0
4.19,41.32,109.26,46.14,0,-2.49,0
1.98,26.24,64.46,42.18,1,-15.74,0
9.11,45.24,99.09,52.06,0,-1.59,0
2.44,32.69,57.16,39.97,0,-2.47,0
2.81,16.59,44.06,30.17,0,-3.22,0
2.61,44.98,117.61,54.62,1,-20.48,0
1.33,14.47,51.54,45.1,0,-3.63,0
0.92,6.79,11.57,24.31,0,-4.07,0
0.27,4.56,46.23,36.36,0,-1.41,0
4.43,88.52,209.28,58.97,0,-3.49,1
1.2,33.68,85.95,57.56,0,-0.98,0
1.73,13.35,84.27,56.35,0,-2.45,0
8.84,100.73,157.6,61.67,0,-3.63,1
2.93,11.87,46.92,50.84,0,-1.86,0
0.36,27.86,91.72,54.21,0,-0.31,0
5.63,41.56,97.34,51.0,0,-2.52,0
1.04,37.46,127.26,47.78,1,-14.38,0
2.82,24.77,74.77,37.46,0,-0.67,0
2.5,20.88,84.29,45.25,1,-10.3,0
0.95,23.13,83.08,48.46,0,-3.68,0
0.43,11.99,26.5,46.46,0,-1.35,0
0.83,5.11,41.58,38.02,0,-1.77,0
0.36,27.08,79.13,47.62,0,-0.57,0
1.13,25.47,96.78,51.28,0,-0.62,0
20.7,97.48,172.15,58.44,0,-2.84,1
1.8,17.34,53.7,50.89,0,-2.57,0
6.98,38.77,70.76,52.04,1,-10.64,1
2.79,35.33,131.32,53.76,0,-2.15,0
3.84,40.96,99.77,46.85,0,-1.87,0
0.6,36.96,98.22,46.94,0,-3.19,0
1.12,31.72,65.65,44.61,0,-3.91,0
2.5,42.36,123.11,49.3,1,-13.28,0
7.45,26.21,37.13,42.52,0,-0.22,0
0.15,2.54,67.68,41.45,0,-0.63,0
2.47,34.89,124.54,60.79,0,-2.05,0
0.18,2.97,12.01,33.45,0,-3.86,0
2.14,89.22,184.93,51.82,0,-1.22,0
3.47,51.52,111.84,58.9,0,-3.98,0
4.78,41.52,108.49,44.5,0,-0.67,0
0.52,10.36,51.74,49.6,1,-22.72,0
0.64,17.29,166.33,60.67,0,-4.13,0
2.22,33.45,66.13,55.75,1,-6.27,0
21.82,153.54,322.34,52.39,1,-15.95,0
1.54,9.47,42.55,40.11,0,-1.6,0
1.95,42.51,92.48,48.81,1,-11.47,1
1.98,25.78,42.97,36.41,0,-2.92,0
0.29,2.1,10.31,34.3,0,-4.34,0
5.21,31.02,106.78,49.29,0,-3.03,0
1.02,18.21,64.41,51.41,0,-1.72,1
4.26,19.61,31.22,31.7,0,-3.26,0
2.26,15.74,76.77,36.87,0,-0.82,0
3.31,8.83,16.06,27.76,0,-2.69,0
0.19,49.42,80.15,49.89,0,-2.22,0
7.72,31.12,63.72,49.08,0,-1.75,0
0.98,13.84,74.53,41.29,0,-3.38,1
3.88,17.0,66.23,47.16,0,-0.71,0
5.6,45.69,85.99,49.72,0,-2.49,0
2.72,36.94,81.61,48.3,0,-3.87,1
1.44,41.36,114.75,60.63,0,-1.07,0
13.34,98.06,256.01,61.01,0,-1.34,1
1.14,21.76,140.51,49.98,1,-12.46,0
10.39,40.16,98.81,50.22,0,-3.52,0
0.59,22.95,56.35,41.76,0,-1.42,0
1.73,9.3,53.83,46.55,0,-1.75,0
0.52,25.77,46.88,40.49,0,-3.38,1
0.01,2.23,84.87,49.05,0,-1.43,0
1.06,44.1,103.12,48.99,0,-3.06,0
0.32,15.61,30.44,24.7,0,-0.88,0
15.03,59.33,156.44,57.04,0,-1.97,1
5.02,42.03,105.16,56.59,0,-3.16,0
0.01,29.98,57.46,45.73,0,-2.18,0
0.89,17.78,58.23,35.4,0,-0.28,0
3.88,22.75,55.95,40.8,0,-1.95,0
1.78,13.12,44.92,38.73,0,-1.44,0
6.24,39.09,122.74,55.58,1,-23.11,0
2.46,15.14,38.55,39.09,0,-0.24,0
3.71,21.36,116.81,37.07,0,-0.4,0
3.18,56.34,87.43,43.04,1,-19.65,0
3.56,49.39,127.38,51.5,0,-3.42,1
0.92,8.24,41.56,35.9,0,-4.24,0
1.64,4.65,14.83,30.04,0,-0.69,0
0.18,14.52,33.51,34.63,0,-2.65,0
3.1,27.12,121.15,51.44,0,-0.56,0
2.15,39.96,86.68,52.01,0,-0.32,0
5.01,32.98,86.95,53.93,0,-2.21,0
0.81,44.53,104.58,49.81,0,-2.98,0
2.01,8.28,17.25,34.84,0,-0.47,0
0.7,12.36,49.83,43.23,0,-1.77,0
3.33,63.25,88.53,55.2,0,-0.59,0
6.59,19.97,38.12,41.62,0,-1.76,1
5.08,30.37,74.24,56.35,0,-2.23,0
10.1,60.3,179.54,61.45,0,-1.65,1
12.48,78.4,170.55,49.2,0,-2.68,0
5.17,37.12,103.92,57.24,0,-2.71,0
1.18,43.93,91.09,53.33,0,-1.63,0
0.87,58.66,147.86,59.85,0,-1.88,0
2.08,44.17,108.3,44.53,0,-2.1,0
17.84,57.07,136.1,59.7,0,-1.82,0
1.86,98.35,180.36,62.97,1,-22.63,0
0.78,29.17,131.52,46.76,0,-0.8,0
10.11,48.93,119.27,55.96,0,-3.89,0
1.71,7.07,11.97,31.45,0,-1.62,0
4.11,39.3,134.53,54.12,0,-3.31,0
5.43,57.15,196.44,58.72,0,-4.0,1
6.48,35.8,89.11,38.92,0,-4.02,1
6.03,48.79,136.82,53.96,0,-2.15,0
6.33,120.66,167.37,60.91,1,-11.17,0
3.86,22.79,71.82,41.47,0,-2.8,0
1.81,16.21,31.51,36.16,0,-0.99,0
3.85,66.52,252.79,59.75,1,-15.3,0
6.34,22.92,48.17,38.61,0,-3.26,0
1.51,62.55,113.38,42.54,0,-3.62,0
1.23,35.29,93.83,52.44,1,-13.24,0
1.47,13.68,42.06,39.37,0,-2.6,0
2.8,15.07,40.99,34.92,0,-0.64,0
0.19,1.31,92.56,54.94,1,-24.92,0
5.28,32.84,85.34,52.14,0,-2.29,0
0.52,26.14,117.84,51.92,0,-2.39,0
0.5,15.46,38.91,44.71,0,-3.84,0
0.77,29.84,47.7,48.56,0,-3.52,0
3.01,40.01,167.57,52.35,0,-2.5,0
1.18,23.35,47.32,34.98,0,-1.73,1
1.61,76.83,154.96,44.84,1,-17.37,1
9.39,55.5,151.02,52.1,0,-1.71,1
6.58,73.27,129.26,51.59,0,-0.85,0
6.69,31.17,94.86,41.13,0,-2.98,0
3.02,37.75,117.15,47.98,0,-3.17,0
7.05,36.58,133.65,57.68,1,-20.36,0
5.28,75.76,168.64,58.45,0,-2.16,0
10.72,54.51,138.25,50.64,0,-4.49,1
0.23,7.6,22.11,39.75,0,-1.0,0
0.1,9.98,53.68,35.26,0,-3.02,0
0.67,7.38,21.65,35.91,0,-4.48,0
9.26,53.04,115.35,50.8,0,-2.95,0
3.26,26.56,71.3,45.98,0,-2.15,0
1.94,54.84,109.72,52.77,1,-6.62,0
2.52,16.71,62.77,49.88,0,-3.84,0
6.19,40.81,92.69,52.52,0,-4.24,0
9.26,61.74,122.9,58.3,0,-2.15,0
4.58,23.92,74.12,40.91,0,-3.52,0
4.99,87.69,200.74,57.98,1,-6.91,0
1.35,14.1,45.3,35.34,0,-1.41,0
2.2,22.42,96.4,42.97,0,-2.32,0
7.58,33.06,191.45,63.33,0,-4.48,0
5.4,112.96,250.52,52.4,0,-1.72,0
4.04,61.22,118.59,49.42,0,-2.86,0
0.24,34.98,88.08,45.54,0,-3.03,0
0.14,4.16,46.4,39.28,0,-0.86,0
0.49,71.64,162.82,50.94,0,-3.67,0
3.05,63.97,104.56,46.92,1,-16.34,0
2.69,19.01,58.75,52.4,0,-2.35,1
10.01,49.54,119.21,51.1,0,-2.96,0
4.15,114.51,189.87,54.28,0,-1.97,0
1.22,15.07,56.66,43.82,0,-1.6,0
0.62,5.14,18.22,32.63,0,-2.55,0
6.63,73.56,152.03,65.36,0,-1.69,0
2.15,18.63,56.48,41.24,0,-2.07,0
3.71,102.52,190.82,61.2,0,-0.67,0
2.91,32.09,92.3,42.91,0,-3.83,0
0.4,2.23,18.39,28.72,0,-1.97,0
0.21,14.42,38.42,35.23,1,-22.37,0
1.66,32.28,80.92,39.74,0,-3.6,0
1.57,6.6,117.81,52.48,0,-0.28,0
3.92,21.98,90.59,49.92,0,-2.78,0
3.5,13.68,52.31,42.33,0,-3.22,0
12.15,58.6,89.54,40.45,0,-1.02,0
6.83,99.14,151.36,50.85,0,-0.76,0
2.4,27.91,96.39,47.53,0,-0.69,0
2.43,37.86,120.33,46.7,0,-4.47,1
3.92,31.04,50.55,31.1,0,-3.45,0
0.42,18.64,76.32,51.17,0,-1.54,0
31.92,175.98,289.39,71.43,1,-17.59,1
2.56,35.34,59.7,48.99,0,-2.99,0
8.42,76.7,195.03,60.51,0,-2.17,1
11.98,91.14,195.29,56.1,0,-1.37,0
3.05,86.09,130.83,64.53,0,-0.45,0
0.38,36.58,78.32,52.08,0,-3.57,0
2.98,10.65,15.23,27.08,0,-4.02,0
3.19,28.48,109.76,58.82,0,-1.09,1
5.45,62.55,146.95,56.1,1,-15.96,0
0.17,58.35,161.39,63.15,1,-14.82,0
2.2,20.6,65.48,52.39,0,-1.98,0
8.96,53.44,229.84,57.82,0,-1.49,0
16.61,95.98,144.79,54.4,0,-0.52,0
0.74,4.66,12.05,31.26,0,-2.16,0
7.16,64.83,110.37,51.81,0,-1.08,0
0.55,55.68,163.85,51.61,0,-0.49,0
6.44,48.1,99.86,50.54,0,-3.03,0
1.14,6.59,55.76,40.99,0,-2.66,0
11.23,70.61,175.2,56.26,0,-3.75,0
4.16,24.76,66.5,36.74,0,-1.5,0
1.78,11.31,20.5,31.86,0,-0.78,0
1.15,9.71,32.43,47.42,0,-1.75,0
0.94,6.17,21.48,35.63,0,-3.55,0
4.0,40.98,75.07,44.59,0,-1.24,0
7.91,51.07,130.89,56.38,0,-1.3,0
4.92,16.23,91.6,55.85,0,-0.83,0
6.3,67.54,115.92,48.43,0,-4.44,0
5.32,81.11,148.39,63.84,1,-21.23,1
13.55,67.77,220.43,55.27,1,-21.07,0
4.96,20.73,34.49,35.33,0,-1.12,0
0.83,22.36,55.14,39.93,0,-3.5,0
5.49,31.4,101.11,56.24,0,-2.71,0
1.36,9.53,26.23,29.33,0,-3.42,0
19.15,63.87,141.7,60.1,0,-3.9,0
1.65,69.44,124.97,52.14,0,-1.57,0
1.21,70.75,159.18,57.05,0,-4.13,1
0.96,40.78,58.82,49.02,0,-4.06,0
3.76,46.3,91.37,51.18,0,-2.55,1
0.4,27.74,85.31,54.24,0,-3.14,0
10.74,56.7,121.41,57.88,0,-1.97,1
1.22,19.95,37.33,51.15,0,-3.02,0
1.23,23.6,65.73,50.23,0,-2.56,0
0.17,27.23,261.11,63.3,1,-13.14,1
0.99,7.43,22.89,34.12,1,-25.89,0
1.9,11.91,25.82,43.42,0,-3.0,0
1.61,74.2,177.83,59.45,0,-4.31,0
1.12,13.93,32.1,39.25,0,-1.07,0
0.15,6.73,34.02,43.25,0,-1.89,0
1.25,16.78,112.43,50.09,0,-3.66,0
5.27,24.76,82.09,43.11,0,-0.73,0
2.02,12.56,43.08,42.64,0,-4.47,0
1.2,8.32,25.39,32.42,0,-3.12,0
1.27,26.6,59.22,51.03,0,-4.12,0
2.83,15.35,21.92,21.52,0,-3.8,0
1.26,24.17,72.18,43.43,0,-3.54,0
3.49,12.34,45.27,41.87,0,-0.34,0
15.93,77.21,113.36,48.87,0,-1.95,0
0.15,40.04,67.91,52.54,0,-1.07,0
0.65,31.59,75.09,47.87,0,-3.95,0
0.69,24.66,94.47,46.5,0,-3.13,0
2.07,10.84,30.8,38.12,0,-0.66,0
0.15,6.1,47.7,34.19,0,-1.75,0
2.27,41.59,83.04,50.75,0,-0.5,0
9.25,30.98,42.04,46.55,0,-3.38,0
0.04,33.67,135.07,54.04,0,-2.0,0
1.59,25.06,65.92,45.13,1,-17.28,0
5.01,52.47,82.27,42.38,0,-2.43,0
0.59,22.48,86.78,44.94,1,-10.26,0
0.28,12.15,34.5,43.19,0,-1.31,0
3.49,17.81,49.39,41.1,0,-0.95,0
0.04,22.45,80.13,58.82,0,-4.2,0
5.66,57.59,141.43,58.27,1,-10.53,1
0.24,1.77,13.2,25.38,0,-2.71,1
2.6,22.08,63.08,56.1,0,-2.36,0
4.72,36.21,102.56,43.8,0,-3.03,0
0.97,19.33,43.83,38.39,0,-1.4,0
0.38,4.14,29.09,37.2,1,-24.9,0
0.68,58.06,202.48,61.7,1,-11.93,1
6.75,36.95,163.63,54.24,0,-1.03,0
4.28,67.68,158.14,56.92,1,-8.99,0
0.77,36.22,67.04,51.98,0,-1.21,0
4.41,25.18,84.72,55.1,0,-2.07,0
4.32,23.74,41.48,48.85,0,-0.33,0
21.3,142.27,340.59,61.93,0,-2.9,1
1.74,23.01,57.4,44.86,0,-3.98,0
7.0,36.21,106.16,53.69,0,-0.4,0
2.07,59.87,93.92,40.61,0,-1.14,0
7.98,59.51,192.35,57.92,0,-1.57,1
0.34,8.26,19.31,35.98,0,-1.44,0
0.67,16.51,32.86,36.66,0,-0.37,0
6.64,73.09,161.23,53.68,0,-0.66,0
5.99,34.71,58.27,45.42,0,-4.12,0
1.28,15.5,43.67,46.3,0,-3.26,0
3.18,16.79,97.79,51.23,0,-4.32,0
1.69,45.6,104.7,40.38,0,-2.09,0
0.04,30.31,88.65,54.9,0,-3.98,0
0.09,10.69,18.23,26.37,0,-3.71,0
0.2,23.0,65.09,38.95,0,-3.96,0
3.16,20.07,50.37,43.03,0,-0.37,0
1.15,21.83,59.31,45.03,0,-3.01,0
0.54,97.49,234.37,58.59,0,-2.64,0
9.91,55.17,148.64,59.58,0,-2.54,0
0.45,90.66,309.85,65.01,0,-2.37,0
3.92,38.84,92.77,41.7,0,-3.62,0
7.86,38.79,109.26,46.6,0,-4.36,0
0.63,33.98,83.42,46.45,0,-3.76,0
0.85,6.04,23.76,34.66,0,-3.94,0
2.99,26.21,65.57,42.08,0,-2.28,0
2.49,26.96,50.3,32.36,0,-3.17,0
2.58,51.21,111.99,48.37,0,-1.99,1
2.83,13.31,112.5,55.24,0,-1.75,0
10.48,100.32,158.36,56.94,0,-4.05,0
0.19,55.0,105.26,55.64,0,-4.09,0
5.0,27.92,69.37,49.38,0,-3.13,0
0.93,48.06,86.24,39.65,0,-3.8,0
1.64,13.33,40.84,35.95,0,-1.75,0
0.33,2.75,15.84,35.16,0,-2.07,0
2.06,75.18,238.77,64.4,0,-3.73,1
5.71,33.72,134.7,56.85,1,-23.25,0
0.36,20.64,71.34,50.79,0,-0.37,0
1.13,20.61,80.14,53.69,0,-1.72,1
1.63,10.0,21.68,25.0,0,-1.91,0
0.38,23.61,37.72,36.35,0,-0.86,0
5.03,22.26,59.51,46.77,0,-1.68,0
5.41,24.89,89.52,52.7,0,-4.22,0
6.33,88.25,189.21,67.65,0,-3.89,1
3.07,79.09,130.24,61.35,0,-2.12,0
2.48,22.39,32.14,42.62,0,-3.25,1
1.07,7.7,123.51,50.8,0,-0.85,0
3.73,29.9,98.1,54.28,0,-3.44,0
2.06,50.89,98.13,59.95,0,-2.25,0
12.36,50.93,177.06,65.59,0,-3.31,0
12.07,67.27,161.41,58.74,0,-2.97,0
8.25,91.53,140.41,62.2,1,-22.49,1
1.56,17.87,40.14,40.22,0,-3.79,0
1.61,6.8,20.18,34.41,0,-2.66,0
6.7,30.69,69.57,44.39,0,-3.57,0
4.57,62.32,140.15,48.03,0,-0.6,0
4.27,30.59,142.91,60.01,1,-24.76,0
1.15,7.48,27.2,35.01,0,-1.46,0
6.27,70.94,103.9,51.59,0,-3.9,0
3.03,49.64,138.44,57.37,0,-4.28,0
2.07,7.17,41.89,36.69,0,-0.44,0
7.02,57.14,235.39,66.19,0,-3.31,1
1.75,15.42,54.16,41.72,0,-0.64,0
3.71,34.39,100.19,49.84,0,-3.89,0
2.2,15.12,49.82,25.61,0,-0.74,1
3.14,19.53,40.9,40.11,0,-1.04,0
0.14,19.14,54.93,37.97,0,-1.28,0
2.16,25.5,67.2,43.32,0,-3.33,0
2.85,23.15,58.14,39.46,0,-1.46,0
2.38,9.25,48.24,37.6,0,-2.76,0
6.58,100.44,239.85,60.9,1,-11.42,1
1.3,11.22,99.34,52.72,0,-1.93,0
7.54,41.17,177.27,65.64,0,-2.52,1
1.81,8.39,36.11,38.87,0,-0.71,0
4.15,41.09,75.6,44.33,0,-3.97,0
0.32,3.55,18.17,30.99,0,-1.09,0
0.78,7.41,21.74,38.54,0,-3.98,0
5.01,48.67,193.67,61.45,1,-9.41,0
0.04,6.77,16.91,25.86,0,-2.84,0
12.11,81.82,182.73,55.04,0,-1.31,1
0.74,4.58,15.41,31.68,0,-1.16,0
8.1,29.14,71.67,44.77,1,-10.45,0
2.54,39.93,91.91,46.18,0,-1.35,0
2.91,16.75,82.09,46.47,0,-2.02,0
0.31,4.2,17.3,33.42,0,-2.09,0
1.59,9.46,83.94,49.65,1,-8.38,0
0.59,2.99,112.21,51.87,0,-1.45,0
2.61,9.24,51.26,46.16,0,-4.38,0
2.8,15.14,50.27,43.58,0,-2.73,0
4.33,15.42,38.68,33.4,0,-3.78,0
7.37,60.28,191.14,57.18,0,-0.4,0
2.21,13.8,59.83,42.68,0,-0.21,0
0.93,42.2,71.89,44.9,0,-2.43,0
1.42,41.3,74.91,42.26,0,-3.76,1
6.57,32.95,50.51,38.63,0,-2.83,0
0.55,2.27,32.22,41.24,0,-2.86,0
3.45,21.73,55.66,37.57,0,-0.8,0
0.05,18.02,70.72,44.01,0,-4.41,0
0.99,27.79,91.79,55.17,0,-2.48,0
3.13,37.61,98.77,49.55,0,-0.64,0
2.13,28.01,138.09,66.46,0,-1.98,0
2.38,16.07,77.09,54.67,0,-0.51,0
3.78,49.58,131.94,43.03,0,-2.0,0
0.94,10.67,82.49,42.03,0,-3.26,0
1.15,90.82,201.71,59.87,0,-1.59,0
4.04,24.9,79.28,45.37,1,-18.56,1
2.7,20.73,46.23,43.89,0,-2.41,0
0.05,45.2,107.12,54.24,0,-2.34,0
3.88,30.23,114.89,44.41,0,-2.21,0
3.39,34.26,96.75,55.43,0,-2.42,0
0.29,11.45,35.8,47.32,0,-0.41,0
4.82,65.2,184.75,51.55,0,-2.24,0
2.58,57.13,135.69,52.32,1,-17.98,0
0.8,15.33,31.09,34.72,0,-3.49,0
2.87,19.42,88.74,54.65,0,-1.44,0
3.17,30.66,72.13,53.23,0,-3.11,0
8.85,102.41,173.85,55.38,0,-1.62,0
4.74,41.42,138.61,52.19,0,-1.02,0
1.26,66.93,138.57,59.56,1,-16.68,0
0.44,10.99,51.9,40.57,0,-1.1,0
6.72,68.65,175.99,58.84,1,-19.49,0
6.55,28.08,61.57,48.45,0,-1.84,0
0.67,12.66,49.53,44.73,0,-3.45,0
0.22,14.51,59.86,44.76,0,-1.32,0
4.36,38.54,92.12,42.34,0,-3.01,1
4.49,28.68,107.65,54.02,0,-1.11,0
0.68,54.9,128.47,58.4,0,-0.29,1
3.86,56.73,118.36,56.08,1,-10.39,0
1.14,36.81,72.06,38.77,0,-3.88,0
1.06,6.3,23.39,38.07,0,-3.99,0
1.37,8.08,70.75,41.87,0,-0.36,0
2.57,25.22,70.46,33.34,0,-3.47,0
5.71,56.28,83.77,46.84,0,-3.79,0
2.42,14.2,30.92,30.54,0,-1.54,0
1.24,24.71,58.74,43.07,0,-2.22,0
7.54,40.36,79.38,40.66,0,-1.95,0
0.2,26.64,46.36,39.27,0,-2.09,1
5.58,30.12,100.5,41.95,0,-3.84,0
5.37,49.9,161.78,53.2,0,-2.0,1
1.02,8.2,67.45,46.47,0,-1.5,0
0.77,7.35,61.48,52.48,0,-0.76,0
7.27,87.4,228.25,59.65,0,-3.1,1
2.86,19.77,68.36,44.89,1,-21.7,0
0.16,85.17,186.01,62.42,0,-0.46,0
7.75,26.1,42.57,41.43,0,-3.13,0
1.5,20.29,61.09,45.83,0,-3.19,0
1.47,13.26,21.46,36.84,0,-1.06,0
3.61,130.02,266.46,61.02,1,-13.13,0
3.79,108.21,245.92,58.03,0,-3.59,0
1.53,14.07,109.41,52.63,0,-3.15,0
0.54,7.77,57.31,31.13,0,-3.44,0
2.81,41.31,98.47,39.52,0,-1.97,0
3.43,63.32,147.73,62.83,0,-2.16,0
6.89,46.07,72.16,51.33,0,-3.94,0
2.32,46.9,116.56,48.7,1,-20.74,0
3.63,16.19,61.05,37.39,0,-3.65,0
0.2,21.61,93.55,51.81,0,-2.12,0
7.87,61.23,111.04,54.95,0,-2.2,0
1.39,10.82,27.91,30.92,0,-1.6,0
3.5,47.08,179.03,57.3,0,-2.81,0
8.67,80.63,171.91,48.38,0,-3.11,1
5.82,69.29,176.97,55.58,0,-0.89,0
3.55,15.47,45.56,38.96,0,-2.63,0
4.26,23.18,59.03,43.95,0,-2.2,0
8.88,61.58,174.33,68.65,1,-17.93,1
5.85,31.52,96.64,43.64,0,-2.54,0
3.29,81.28,119.15,59.91,0,-2.05,1
3.76,15.2,37.91,35.29,0,-2.47,0
0.56,30.83,117.6,48.81,0,-2.31,0
2.22,20.21,45.38,45.31,0,-4.22,0
1.25,21.13,43.31,36.1,0,-1.54,0
1.98,6.98,69.21,40.66,0,-0.36,0
3.8,19.77,74.03,49.03,0,-3.05,0
0.57,13.93,64.66,46.62,0,-2.8,0
0.06,22.98,79.07,44.2,0,-4.11,0
1.77,37.31,61.45,52.61,0,-0.71,0
1.36,8.12,80.3,44.54,0,-2.45,0
1.91,14.02,46.16,32.31,0,-0.85,0
9.37,54.77,98.77,43.96,0,-2.16,0
4.3,55.04,94.14,43.16,0,-3.64,0
1.39,10.22,15.9,29.56,0,-3.89,0
0.69,7.18,20.94,40.32,0,-3.79,0
3.37,20.6,46.41,31.26,0,-2.55,0
3.75,16.47,42.94,47.99,0,-2.93,0
2.31,8.74,17.74,28.53,0,-2.57,0
0.84,20.87,50.87,38.43,0,-2.61,0
0.1,47.17,74.28,41.99,0,-4.01,0
1.08,7.59,17.51,29.31,0,-1.1,0
2.14,36.39,79.33,45.56,0,-2.09,0
5.43,38.39,65.51,43.66,0,-2.82,1
6.73,94.64,212.5,61.49,1,-6.09,1
1.86,38.88,82.32,36.78,0,-3.48,0
5.57,52.82,116.01,51.23,0,-0.7,0
17.55,75.21,161.95,58.94,1,-15.58,1
4.41,55.53,188.87,58.21,0,-4.12,1
4.56,29.49,88.6,46.91,0,-1.74,0
8.41,53.73,164.81,54.2,0,-0.21,0
1.44,55.85,156.54,61.36,0,-1.06,0
0.04,26.64,71.1,47.77,0,-4.37,0
15.19,46.3,81.78,46.15,0,-1.53,0
2.36,50.54,110.73,53.93,0,-2.84,0
5.39,34.61,57.48,47.39,0,-3.32,0
5.86,25.13,67.22,37.85,0,-2.98,0
1.77,27.7,87.79,50.7,0,-1.82,0
2.73,31.89,85.98,43.7,0,-2.05,0
2.72,29.17,56.2,48.96,0,-3.8,0
0.87,10.08,31.71,31.67,0,-3.05,0
0.44,66.57,118.63,52.17,1,-9.4,1
2.75,67.83,141.47,56.09,0,-1.07,0
0.45,1.52,14.86,21.74,0,-1.43,0
1.49,12.16,26.02,24.33,0,-1.77,0
0.72,3.1,75.79,44.15,0,-2.68,0
4.3,62.44,123.61,61.26,1,-14.64,0
7.2,67.1,179.53,57.01,0,-3.75,1
3.02,29.15,39.13,40.89,0,-2.24,0
1.85,45.7,91.91,33.23,0,-2.36,0
19.94,119.18,334.67,69.64,0,-2.04,1
0.08,14.18,41.15,41.49,0,-1.54,0
1.27,14.38,29.44,39.11,0,-3.32,0
1.14,10.73,66.39,44.79,0,-1.19,0
1.54,14.81,33.4,30.58,0,-3.16,0
0.92,18.84,37.91,34.42,0,-2.48,0
1.07,6.54,102.07,45.72,0,-0.64,0
1.04,8.25,12.86,33.04,0,-0.28,0
2.47,9.23,54.17,40.93,0,-0.93,0
1.74,25.82,134.32,58.18,1,-25.95,1
3.57,124.89,211.62,63.21,1,-21.95,0
2.53,57.18,181.97,66.92,1,-13.8,1
0.71,28.41,57.61,43.37,0,-2.36,0
5.81,52.82,133.92,52.87,0,-0.34,0
2.24,18.25,49.76,41.59,0,-3.84,0
0.58,10.1,118.46,38.97,0,-4.23,0
0.64,12.6,43.4,37.74,0,-0.52,0
5.58,26.39,81.77,50.33,0,-1.1,0
4.25,44.04,150.53,54.1,0,-3.28,0
2.47,18.39,50.75,40.08,0,-4.49,0
1.28,34.09,62.58,42.31,0,-3.97,0
2.16,11.3,27.37,43.1,0,-0.63,0
3.54,20.44,52.52,43.06,0,-2.81,0
7.4,107.2,253.61,61.51,1,-23.24,1
2.84,12.24,74.5,58.13,1,-24.04,0
1.13,19.1,62.97,37.31,0,-2.64,0
0.15,2.05,17.69,28.6,0,-1.46,0
0.68,4.09,47.98,35.23,0,-3.07,0
3.68,36.84,76.32,42.47,0,-3.33,0
0.61,22.13,76.01,52.5,0,-2.68,0
2.3,16.91,38.31,33.22,0,-2.34,0
4.2,62.21,100.14,50.1,0,-1.14,0
1.29,31.18,85.35,50.15,0,-2.54,1
3.87,19.53,32.43,40.08,0,-0.75,0
3.05,13.69,36.78,34.53,0,-0.51,0
2.02,39.15,90.56,51.39,0,-3.54,0
7.96,57.15,143.94,52.62,0,-3.11,0
4.12,16.12,48.86,40.89,0,-2.99,0
1.57,13.01,123.08,47.4,0,-4.19,0
5.71,29.47,71.12,38.84,0,-1.84,0
4.69,21.15,69.23,46.81,0,-1.92,0
5.49,31.4,59.54,55.1,0,-1.98,0
3.59,92.7,200.03,57.67,1,-12.54,0
1.67,35.04,50.66,41.11,0,-2.41,0
1.5,38.78,95.36,52.37,0,-3.55,0
3.72,17.81,42.48,44.65,0,-1.14,0
0.49,2.09,10.82,35.07,0,-2.07,0
6.0,19.63,47.41,43.24,0,-2.37,0
1.62,25.11,75.04,45.28,0,-0.93,0
3.48,26.8,74.39,49.44,0,-3.22,0
2.42,13.72,42.12,41.24,0,-0.44,0
2.56,10.17,31.18,36.04,0,-2.72,0
4.69,58.03,133.7,58.55,0,-1.07,1
3.45,37.33,73.91,48.1,1,-8.46,0
1.01,7.2,25.67,31.19,0,-1.56,0
0.27,30.59,65.16,39.03,0,-2.05,0
6.42,46.89,106.28,42.88,0,-3.71,0
7.57,38.36,77.52,41.88,0,-1.95,0
0.63,7.24,16.27,31.72,0,-4.14,0
1.3,40.95,109.72,56.39,0,-3.82,0
1.16,12.45,86.4,47.44,0,-1.03,0
9.7,72.49,144.62,56.54,0,-0.87,1
0.8,5.46,49.8,44.14,0,-1.25,0
0.64,15.53,43.23,33.49,0,-1.75,0
0.7,6.89,72.52,43.56,0,-2.71,0
4.58,41.1,103.94,44.71,0,-0.73,0
7.66,140.74,360.83,64.59,0,-2.49,1
1.75,17.43,54.43,43.49,0,-2.7,0
0.51,4.69,61.28,43.99,0,-3.04,0
3.08,19.32,54.19,37.99,0,-2.57,0
0.82,47.38,74.32,48.76,0,-3.75,0
0.23,30.24,131.96,55.12,0,-2.96,0
7.61,50.63,89.84,50.69,0,-4.18,0
7.16,98.86,237.56,62.32,1,-14.16,0
13.04,90.7,186.59,54.72,0,-2.08,1
2.25,16.7,49.47,34.99,0,-1.1,0
1.22,23.45,94.91,51.23,0,-0.25,0
5.14,42.49,99.38,52.04,0,-0.59,0
0.7,37.83,71.47,45.91,0,-1.02,0
0.98,13.14,31.49,46.96,0,-1.13,0
1.03,46.68,118.02,49.98,0,-3.39,0
10.6,93.32,203.87,61.34,0,-1.86,0
4.58,44.85,100.11,50.58,0,-1.6,0
0.5,8.58,89.69,48.36,0,-0.43,0
0.34,71.46,172.22,52.09,0,-2.52,0
6.48,52.79,126.35,51.86,0,-2.84,0
5.67,70.68,195.53,63.9,0,-3.97,1
3.89,16.78,42.46,42.33,0,-2.36,0
0.76,85.99,204.53,63.92,0,-0.23,0
2.29,42.45,102.11,47.24,0,-0.48,0
3.23,69.77,110.0,55.93,0,-1.37,0
9.42,36.76,98.01,44.25,0,-0.8,0
0.65,12.97,27.49,34.27,0,-3.51,0
2.54,9.2,121.65,47.59,0,-0.66,0
0.6,5.69,60.24,52.25,0,-0.89,0
2.05,18.04,97.31,50.44,0,-3.07,0
0.78,63.76,129.34,58.26,0,-1.23,0
6.33,51.71,74.54,48.08,0,-4.37,0
1.03,13.05,25.65,37.35,0,-3.91,0
1.89,68.91,165.26,51.64,0,-3.4,0
1.83,35.7,77.09,46.2,0,-1.68,0
7.04,73.74,213.59,54.81,1,-8.16,0
4.96,75.98,206.79,57.47,0,-1.65,1
0.21,28.46,88.35,48.44,0,-1.82,0
0.24,7.01,32.31,31.98,0,-0.75,0
2.8,121.37,285.73,57.23,1,-13.82,1
1.95,16.2,31.25,30.24,0,-3.07,0
1.13,26.23,44.43,42.94,0,-1.2,0
5.51,62.61,102.24,48.63,0,-3.12,0
0.48,5.78,37.5,31.56,0,-2.56,0
12.78,64.46,94.63,48.84,0,-4.08,0
0.09,9.69,63.51,47.48,0,-3.63,0
0.44,6.98,54.78,41.5,0,-0.85,0
1.31,7.08,24.09,26.9,0,-2.82,0
2.49,49.27,140.16,53.55,0,-3.01,0
0.85,7.36,29.07,31.49,0,-3.91,0
4.66,61.67,154.82,57.0,0,-2.96,0
1.55,22.62,89.86,46.45,0,-0.81,0
0.14,19.83,155.43,56.86,0,-1.31,0
7.36,76.65,175.51,48.77,0,-2.94,1
10.08,60.71,199.73,59.44,0,-4.12,0
3.37,19.45,71.93,44.0,0,-4.03,0
5.75,31.52,98.01,45.0,0,-1.74,0
0.45,19.33,58.43,43.02,0,-3.77,1
1.1,20.12,45.91,38.36,0,-2.4,0
1.38,13.08,34.41,36.61,0,-2.2,0
11.33,58.3,157.45,50.96,0,-1.71,0
2.51,18.56,55.36,42.79,0,-3.12,0
0.03,32.85,86.08,38.4,0,-2.78,0
1.67,24.98,86.48,46.71,0,-1.81,0
0.03,54.38,104.28,50.03,0,-3.48,0
0.95,18.32,52.98,49.86,0,-1.83,0
2.12,51.72,87.58,46.46,0,-2.71,0
1.37,20.32,43.3,47.13,0,-1.89,0
0.12,16.75,90.71,53.92,0,-0.7,0
0.43,11.15,52.26,40.63,0,-0.89,0
2.8,17.85,28.11,35.07,0,-3.02,0
4.16,76.26,139.78,48.75,1,-24.44,0
1.81,10.69,45.29,36.69,0,-2.21,0
4.6,24.3,59.0,43.85,0,-1.6,0
0.62,38.01,178.92,55.89,0,-1.65,0
0.46,19.58,67.77,48.84,0,-2.77,0
6.4,41.22,130.86,56.54,0,-2.21,0
1.45,15.99,97.97,50.77,0,-0.2,0
1.98,24.53,46.39,43.32,0,-3.52,0
10.32,50.6,112.16,53.27,0,-0.81,0
1.93,40.08,91.65,48.75,0,-3.1,0
0.01,10.1,61.14,39.7,0,-1.68,0
9.73,52.5,132.33,62.9,0,-2.69,0
0.05,36.17,101.49,53.31,0,-3.88,0
3.8,48.36,133.98,55.66,0,-0.86,0
1.36,11.53,59.84,39.28,0,-3.54,0
2.22,21.34,79.25,58.82,0,-0.36,0
2.77,27.57,55.05,38.64,0,-4.16,0
1.84,51.47,104.39,50.73,1,-22.07,0
5.21,51.79,111.09,51.78,0,-3.62,0
9.34,51.88,111.89,44.72,1,-23.81,0
0.32,83.8,183.74,60.45,1,-23.3,0
5.64,36.68,97.16,51.27,0,-2.92,0
0.48,38.77,68.49,39.6,0,-3.03,0
0.29,35.73,87.66,51.85,0,-3.2,0
10.92,77.06,204.82,54.81,0,-1.71,1
2.35,94.51,285.09,62.08,1,-18.86,0
0.58,17.15,51.13,37.51,0,-2.04,0
2.95,19.47,88.71,51.39,0,-2.63,0
1.07,18.04,42.46,41.86,0,-2.55,0
2.18,48.54,129.79,47.91,0,-0.92,0
3.43,49.79,104.32,47.59,0,-3.84,0
7.12,41.67,95.89,46.51,0,-3.93,0
0.01,1.0,1.58,28.95,0,-1.08,0
0.84,18.61,77.97,43.09,1,-14.62,0
0.35,14.41,47.33,39.93,0,-2.2,0
0.36,3.88,14.36,29.71,0,-2.56,0
10.2,79.95,114.68,50.23,0,-0.3,0
9.63,35.84,60.37,52.01,0,-3.46,0
4.84,40.95,75.68,42.88,0,-3.91,1
3.61,11.88,29.07,34.59,0,-0.81,0
6.59,73.11,128.72,55.28,0,-4.06,0
0.21,27.78,84.78,45.65,0,-3.86,0
0.45,11.52,129.41,50.6,0,-2.53,0
1.33,27.72,63.06,45.64,0,-1.38,0
6.25,40.37,92.25,52.82,0,-1.09,0
2.24,97.62,235.47,67.95,0,-2.3,0
2.45,39.83,87.56,47.21,0,-2.38,0
0.91,35.72,121.54,48.82,0,-3.0,0
3.66,24.58,67.99,41.0,0,-3.65,0
7.66,34.8,96.55,56.54,1,-10.79,1
1.4,22.15,57.56,44.46,0,-3.62,0
3.38,21.23,66.95,40.6,0,-4.11,0
1.41,38.2,153.1,52.44,1,-24.5,0
5.51,38.09,70.24,39.75,0,-0.37,1
2.25,16.22,119.45,52.04,0,-0.42,0
1.45,6.13,12.15,32.47,0,-1.35,0
1.91,119.69,286.79,71.5,1,-14.18,1
0.33,63.88,195.08,64.48,0,-1.64,1
7.04,36.89,97.67,49.86,0,-0.91,0
11.1,40.19,79.09,43.39,0,-3.86,0
2.27,16.67,45.23,42.35,0,-4.44,0
0.88,10.34,40.68,30.07,0,-0.27,0
3.82,67.53,146.57,51.3,0,-0.58,0
2.11,35.39,118.91,55.55,0,-2.35,0
1.02,66.29,104.55,54.99,0,-1.65,0
0.14,42.18,109.6,57.8,1,-8.61,0
7.72,68.15,149.48,54.94,0,-3.01,0
5.58,41.47,120.9,59.08,0,-0.49,0
6.18,75.58,197.25,57.28,0,-2.54,0
2.03,33.71,78.51,44.44,0,-1.65,0
4.9,27.17,41.88,40.77,0,-4.35,0
3.05,38.2,104.35,56.29,0,-2.24,0
1.64,20.11,31.42,41.11,0,-4.19,0
6.47,105.97,199.73,64.52,0,-0.33,0
23.42,79.84,117.39,54.83,0,-0.64,0
8.03,33.7,58.69,47.86,0,-1.86,0
5.24,28.52,79.54,47.06,0,-4.01,0
4.82,72.3,128.08,54.97,0,-2.54,0
3.68,75.61,196.77,73.1,1,-24.19,0
6.73,43.65,188.29,62.99,1,-20.8,1
2.38,10.61,22.27,33.71,0,-0.68,1
0.7,2.7,16.14,35.54,0,-1.26,0
5.11,39.43,81.05,41.89,0,-2.97,0
8.82,203.16,448.39,66.78,1,-22.47,0
1.46,46.02,119.94,51.48,0,-2.16,0
5.35,68.32,139.74,51.0,0,-1.03,0
1.12,23.05,47.78,49.51,0,-2.94,0
10.0,88.42,228.4,63.43,1,-18.32,0
4.03,31.72,75.35,49.14,0,-2.65,0
2.95,11.29,36.15,37.21,0,-0.64,0
5.3,78.2,168.05,51.32,0,-3.69,0
5.87,37.43,97.61,49.36,0,-3.66,0
7.8,46.89,103.96,48.42,0,-2.53,0
8.1,67.73,99.12,44.8,0,-0.36,0
0.19,4.23,34.24,41.01,0,-1.4,0
0.46,7.05,48.28,39.45,0,-0.79,0
6.12,34.83,66.05,35.62,0,-2.45,0
10.22,62.25,136.44,54.27,1,-7.39,1
1.29,8.41,59.45,43.32,0,-3.94,0
0.03,10.55,215.9,64.12,0,-3.86,0
1.36,29.5,85.21,48.44,0,-0.87,0
1.69,9.01,89.7,45.46,0,-3.19,0
5.01,26.9,55.58,44.9,0,-3.19,0
0.17,10.57,59.53,39.99,0,-1.91,0
0.84,11.69,44.86,43.49,0,-0.86,0
7.85,45.66,129.86,59.36,0,-0.77,0
0.59,72.16,124.64,40.62,0,-3.38,0
4.98,23.71,66.25,40.82,0,-1.15,0
1.57,55.83,100.17,52.35,1,-19.65,1
3.8,24.91,105.11,51.14,0,-3.92,1
0.27,22.86,163.27,63.19,1,-10.24,0
1.18,42.94,76.42,52.65,0,-4.39,0
1.94,23.59,52.91,46.46,1,-25.11,0
6.81,38.57,85.25,39.41,0,-1.55,0
2.9,11.22,20.51,32.21,0,-3.87,0
0.16,31.95,108.64,54.34,0,-1.54,0
5.67,29.96,72.01,45.49,0,-4.38,0
0.2,17.49,41.71,38.56,0,-2.25,0
9.53,51.45,119.27,58.6,0,-4.3,0
0.83,11.74,46.41,42.13,0,-0.99,0
2.34,40.43,61.68,42.41,0,-0.25,0
0.26,27.05,42.81,33.53,0,-1.04,0
2.89,28.41,67.95,53.49,0,-0.62,0
2.41,21.89,57.04,44.23,0,-3.36,0
1.85,11.89,21.62,31.06,0,-1.34,0
0.13,15.24,47.63,45.28,0,-2.95,0
7.39,68.41,204.48,51.64,0,-3.08,1
5.68,40.02,74.86,54.89,0,-3.16,0
3.51,85.93,233.6,64.39,1,-20.91,1
2.97,12.5,48.28,51.75,0,-0.84,0
4.16,151.66,301.2,67.5,1,-16.48,1
0.54,25.75,74.45,47.25,0,-0.33,0
9.44,62.8,144.41,52.02,0,-0.65,0
1.17,13.54,64.58,42.05,0,-1.83,1
3.74,31.7,124.1,46.76,0,-4.36,0
3.27,48.81,113.88,61.67,0,-1.72,1
3.54,49.03,120.35,53.2,0,-2.15,0
7.39,38.07,103.46,54.82,0,-3.7,0
1.23,12.43,27.07,40.27,0,-4.15,0
4.84,42.14,106.18,49.7,0,-4.38,0
3.19,72.3,181.05,54.07,1,-9.64,0
0.28,13.19,35.26,33.91,0,-2.36,0
1.87,19.75,62.06,36.01,0,-1.19,0
6.37,66.06,193.61,53.36,0,-2.77,0
1.33,28.6,88.28,50.99,0,-1.05,0
2.3,17.68,86.31,53.12,0,-0.44,0
2.35,10.07,18.09,32.23,0,-4.15,0
3.37,34.36,85.9,52.56,0,-2.28,1
7.54,31.79,138.69,59.22,0,-2.39,0
0.67,4.06,7.68,26.74,0,-2.82,0
2.46,28.23,77.96,52.1,0,-2.14,0
1.93,14.52,36.1,36.91,0,-2.11,0
1.23,12.32,48.96,38.79,0,-4.14,0
8.82,58.23,133.83,54.43,0,-3.71,0
0.03,25.38,115.69,44.95,0,-1.11,0
0.46,8.74,35.64,37.41,0,-1.45,0
4.63,19.22,82.21,35.82,0,-3.04,0
1.07,16.73,33.09,40.27,0,-2.66,0
4.5,15.0,51.02,34.94,0,-3.49,0
6.25,42.97,119.68,52.43,0,-3.33,1
1.03,69.02,167.63,64.48,1,-18.91,1
0.75,25.76,54.89,42.62,0,-3.98,0
0.55,8.09,100.03,40.54,0,-3.5,0
0.78,6.17,16.59,32.33,0,-1.24,0
1.09,11.58,28.64,34.32,0,-3.95,0
7.11,25.7,149.41,60.16,1,-16.11,1
5.14,24.9,61.69,43.11,0,-4.12,0
0.01,2.09,26.03,40.38,0,-3.74,0
7.25,83.73,114.52,54.04,0,-0.52,0
0.29,44.34,89.1,52.81,0,-3.52,0
3.73,40.87,88.49,47.88,0,-2.35,0
0.57,3.86,12.71,36.69,0,-4.4,0
0.23,33.21,92.55,46.39,0,-2.17,0
4.99,26.04,75.32,37.05,0,-0.49,1
2.2,11.9,79.15,41.38,0,-1.46,0
3.2,22.28,51.57,42.13,0,-2.05,0
1.94,22.89,42.84,40.82,0,-2.75,0
0.24,9.47,38.65,39.18,0,-0.85,0
4.71,26.21,58.25,49.07,0,-2.41,0
6.01,27.05,90.89,49.65,0,-2.28,0
0.15,39.75,109.72,52.92,0,-3.8,0
1.65,17.15,115.19,56.84,0,-1.5,1
2.85,18.73,40.59,30.52,0,-2.13,0
3.25,31.23,52.09,45.26,0,-1.87,0
3.02,17.6,44.41,46.44,0,-2.92,0
4.13,36.8,63.47,47.61,0,-3.8,0
11.92,49.1,106.91,52.49,0,-3.11,0
1.73,25.78,115.52,55.99,0,-2.2,0
2.85,29.74,42.6,28.68,0,-2.94,0
4.2,47.72,78.32,46.07,0,-1.59,0
3.14,19.14,41.43,32.62,0,-0.82,0
1.71,20.67,47.91,42.61,0,-1.57,0
3.42,80.98,133.28,48.92,0,-2.11,0
3.68,47.44,149.22,59.73,0,-2.09,1
3.08,84.97,186.98,56.42,1,-24.41,0
0.8,55.5,120.3,46.1,0,-4.23,1
2.47,30.81,72.3,40.96,0,-1.87,0
7.55,40.87,124.44,46.43,0,-0.57,0
7.1,46.09,105.53,50.56,0,-0.34,0
4.86,41.43,74.96,49.23,0,-0.22,0
4.18,31.94,62.61,40.63,0,-4.23,0
0.58,27.1,58.91,35.82,0,-4.48,0
2.15,30.93,87.96,48.19,1,-11.64,1
0.41,16.09,48.94,40.75,0,-1.74,0
5.95,27.75,42.63,36.92,0,-3.08,0
1.2,4.79,45.14,36.11,1,-22.1,0
5.1,56.04,93.46,55.48,0,-2.76,0
5.9,59.78,129.52,50.59,0,-3.7,0
7.81,43.96,117.22,44.97,0,-3.89,0
4.91,26.74,78.08,46.24,0,-3.24,1
2.91,11.11,27.59,37.92,0,-0.55,0
3.19,14.26,132.94,56.21,1,-16.58,0
1.35,6.53,19.08,24.55,0,-4.36,0
0.68,12.57,53.94,48.15,0,-1.03,0
0.49,7.03,101.63,51.27,0,-2.15,0
0.7,8.91,52.78,44.66,0,-1.64,0
9.51,49.48,95.77,62.67,1,-19.77,1
0.63,66.06,169.88,61.03,0,-1.59,0
4.5,17.49,47.21,43.39,0,-1.01,0
0.71,15.18,36.83,36.79,0,-3.97,0
12.95,156.93,360.49,66.24,0,-0.95,1
1.6,60.57,168.7,51.12,1,-20.5,1
1.86,14.92,60.92,43.94,0,-4.25,0
1.81,17.11,135.83,62.33,0,-4.3,0
5.93,23.11,44.15,41.92,0,-2.78,0
0.86,6.22,54.67,53.36,0,-1.36,0
6.22,42.61,142.97,57.55,0,-1.27,0
3.75,20.29,42.84,40.87,0,-3.41,0
0.87,31.56,138.08,53.74,0,-4.42,0
0.24,6.81,20.83,42.99,0,-0.53,0
5.22,54.9,203.52,57.28,1,-14.04,0
0.86,9.44,80.6,43.46,0,-0.73,1
7.7,51.23,69.2,40.71,0,-1.48,0
0.49,22.28,68.48,56.29,0,-2.64,0
3.35,42.3,99.32,50.64,0,-1.48,0
4.12,28.08,44.92,40.4,0,-3.0,0
3.75,17.7,34.6,39.91,0,-1.99,0
1.33,13.2,30.67,34.94,0,-1.14,0
7.29,40.34,92.04,45.06,0,-2.48,0
5.14,20.18,65.79,40.42,0,-0.3,0
2.5,23.94,119.37,48.2,0,-3.39,0
3.24,13.17,35.33,27.5,0,-2.45,0
2.92,24.27,66.97,44.99,0,-4.27,0
10.26,60.71,79.92,39.19,0,-0.64,0
7.94,53.16,135.3,56.89,0,-3.35,0
0.94,12.2,85.49,52.06,0,-1.49,1
1.07,24.94,58.85,40.08,0,-1.8,0
13.95,78.75,162.61,58.33,1,-21.92,0
0.94,10.59,49.08,44.6,0,-1.74,0
10.74,54.03,100.73,57.62,0,-2.05,0
3.67,39.74,90.77,46.74,0,-0.29,0
0.18,67.72,151.27,48.61,1,-9.91,0
1.43,11.59,28.56,31.04,0,-3.99,0
2.26,33.03,108.02,42.75,0,-0.37,0
6.27,79.78,238.17,63.96,1,-22.38,0
1.39,20.58,49.95,25.06,0,-0.51,0
1.3,11.14,26.3,29.88,0,-3.67,0
8.85,54.83,140.11,54.69,0,-2.84,0
0.29,1.84,80.18,41.64,0,-1.52,0
2.81,18.99,94.69,44.96,0,-2.84,0
2.46,14.77,39.9,42.87,0,-2.38,0
0.21,5.73,68.07,39.31,0,-2.93,0
0.32,5.68,94.52,46.95,0,-2.24,0
1.68,36.28,64.39,48.85,1,-11.92,0
0.5,63.47,146.16,53.34,0,-0.39,0
2.28,16.64,60.67,55.49,1,-9.44,0
3.29,11.85,36.97,43.43,0,-2.6,0
4.11,43.0,100.42,55.8,1,-21.29,0
2.77,30.03,63.23,37.04,0,-0.93,0
1.67,30.32,139.11,54.04,0,-0.52,0
0.49,23.18,82.06,45.91,0,-0.29,1
1.0,50.18,77.67,44.58,0,-1.98,0
1.9,14.25,49.28,38.33,0,-1.62,0
9.02,54.66,107.86,50.36,0,-2.64,0
0.79,12.97,34.95,25.4,0,-2.13,0
1.87,18.88,81.53,42.62,0,-1.89,0
4.61,71.41,167.01,65.42,0,-3.83,0
4.28,60.66,152.3,53.08,0,-2.87,0
11.79,95.36,198.51,56.01,0,-2.98,0
0.74,7.49,31.28,36.05,0,-1.84,0
0.06,26.47,64.86,44.46,0,-3.54,0
1.36,16.15,56.18,31.28,0,-0.85,0
0.57,56.08,99.71,50.67,0,-1.93,0
2.78,19.82,79.35,49.63,0,-0.4,0
8.02,37.12,81.24,50.14,0,-0.7,0
4.08,51.0,202.91,54.87,0,-0.55,0
0.51,27.63,52.07,49.35,0,-2.1,0
0.43,36.98,112.77,58.78,0,-3.2,0
8.48,42.5,99.64,56.65,1,-17.69,0
2.34,54.23,109.69,55.2,0,-0.31,0
9.0,74.61,161.53,54.82,0,-3.24,0
4.66,41.16,103.39,50.48,0,-1.09,1
17.55,122.52,344.85,72.92,1,-19.48,1
7.17,50.9,95.4,37.95,0,-0.23,0
1.87,18.94,69.71,41.56,0,-1.54,0
4.97,18.98,86.5,50.33,0,-2.87,0
2.23,24.61,55.5,41.25,0,-3.95,0
0.93,30.45,155.73,54.06,0,-3.44,0
0.97,6.5,34.98,45.55,0,-2.13,0
1.77,10.81,86.48,52.21,0,-3.29,0
0.41,25.35,70.9,50.24,0,-2.51,0
0.69,8.32,46.92,36.6,0,-3.7,0
2.43,16.69,32.86,34.05,0,-3.52,0
10.77,79.28,233.75,63.35,0,-4.4,0
3.02,15.45,25.4,36.77,0,-0.65,0
1.84,13.13,44.3,49.08,0,-1.67,0
0.97,13.98,33.81,38.94,0,-1.03,0
0.76,17.23,36.62,46.15,0,-2.91,0
3.76,29.38,48.65,44.12,0,-3.06,0
6.6,84.66,236.04,60.32,0,-1.08,0
1.78,28.51,85.94,44.07,0,-2.01,0
2.8,17.3,50.24,45.25,0,-2.79,0
4.29,21.21,86.65,46.22,0,-3.03,0
0.21,14.95,61.23,43.01,0,-0.64,0
1.51,8.85,17.71,27.95,0,-4.16,0
4.58,78.12,176.79,57.78,0,-0.35,0
4.04,19.23,124.18,55.94,0,-4.38,0
0.19,24.61,47.58,38.59,0,-1.56,0
0.95,32.79,94.86,45.72,1,-22.92,0
3.99,55.91,152.04,56.07,1,-20.37,0
1.11,7.46,27.4,37.56,0,-3.19,0
5.89,40.05,132.98,53.86,0,-0.89,0
0.1,2.35,15.99,40.93,0,-1.3,0
0.74,36.47,89.15,48.95,0,-4.33,0
1.16,16.43,113.42,54.31,1,-24.64,0
9.08,26.41,82.64,51.85,0,-1.11,0
5.57,54.64,146.51,57.22,0,-2.66,0
7.54,41.49,93.85,44.3,0,-1.08,0
2.03,12.64,94.44,45.09,0,-2.57,0
6.05,30.82,71.96,40.09,0,-1.77,0
6.72,42.69,86.07,41.37,0,-1.76,0
1.79,69.31,119.78,53.84,1,-10.96,1
18.19,111.14,366.82,72.64,1,-19.87,1
6.67,41.63,113.59,55.33,0,-1.94,0
12.79,103.58,205.87,63.27,0,-4.18,0
7.05,31.37,75.87,41.18,0,-3.45,0
5.24,39.02,154.18,58.39,0,-1.85,0
10.08,34.98,165.1,59.5,0,-1.19,1
1.91,61.27,152.09,64.12,0,-3.03,0
5.35,49.26,152.72,57.49,0,-3.67,0
0.84,9.35,26.83,43.74,0,-3.9,0
4.62,34.02,77.22,47.16,1,-22.37,0
5.39,78.03,183.83,60.52,0,-2.42,1
4.41,35.14,109.01,57.0,0,-3.29,0
6.64,55.93,162.03,57.85,0,-0.96,0
1.87,26.01,52.93,34.26,0,-3.86,0
2.75,43.97,102.11,45.32,0,-0.52,0
0.04,56.18,102.38,63.64,0,-2.79,0
0.55,34.67,123.28,53.37,0,-2.74,1
3.62,65.19,86.32,51.48,0,-1.54,0
2.89,41.93,112.42,46.28,0,-0.35,1
0.77,3.73,16.73,33.43,0,-3.29,0
0.98,5.54,38.37,44.98,0,-0.3,0
1.48,49.42,120.95,43.27,0,-0.97,0
4.41,13.86,40.21,39.85,0,-2.54,0
3.29,41.44,100.83,51.12,0,-4.24,0
0.25,39.33,136.52,55.89,0,-0.48,0
4.99,39.33,67.39,55.36,0,-2.69,0
1.07,15.03,62.81,42.59,0,-1.61,1
3.9,23.36,63.52,41.68,0,-3.08,0
0.46,3.4,51.54,40.65,0,-4.3,0
21.62,144.63,319.93,76.84,1,-9.91,1
0.29,2.94,21.53,34.16,0,-4.31,0
4.74,75.21,159.7,59.3,0,-3.94,1
2.73,15.35,49.41,29.57,0,-2.81,0
0.31,32.67,77.14,47.08,0,-3.46,0
0.1,1.75,139.06,53.66,0,-3.92,0
1.58,23.15,79.05,47.31,0,-3.65,0
5.67,31.82,82.48,45.79,0,-1.6,0
0.15,0.99,27.58,28.81,0,-3.69,0
4.27,35.97,123.95,51.58,0,-1.55,0
3.73,76.18,109.84,58.83,0,-3.93,0
1.08,4.85,9.78,29.76,0,-1.3,0
0.28,7.44,29.79,26.95,0,-2.66,0
8.64,55.41,128.22,47.54,0,-3.18,0
1.25,46.78,93.74,50.53,0,-2.03,0
0.41,6.66,40.01,33.44,0,-3.57,0
4.0,24.11,40.5,40.05,0,-4.18,0
0.85,2.4,42.9,45.74,0,-1.0,0
2.26,14.3,64.47,46.58,0,-0.34,0
0.18,2.14,11.33,24.84,0,-2.89,0
17.36,83.32,170.66,58.15,0,-2.79,0
2.08,21.2,70.72,49.1,0,-1.67,0
24.58,91.75,239.07,57.99,1,-21.95,1
1.71,12.0,70.25,39.91,0,-3.75,0
1.5,18.7,54.93,41.82,0,-1.63,0
8.61,51.6,193.33,66.69,1,-10.3,0
1.4,9.09,48.76,35.97,0,-2.96,0
1.98,15.48,33.33,34.77,0,-1.67,0
0.28,3.92,21.39,27.37,0,-4.37,0
10.89,87.36,209.59,56.21,0,-1.69,0
0.31,5.91,17.33,31.29,0,-2.87,0
5.16,58.59,184.93,57.62,0,-1.83,0
2.71,23.55,81.6,33.5,0,-0.25,0
0.22,13.95,31.97,35.42,0,-0.59,0
0.01,20.76,104.0,59.36,0,-1.2,0
9.6,42.98,74.79,46.83,0,-3.69,0
4.74,19.37,61.13,42.34,0,-2.1,0
4.06,28.28,96.1,46.62,0,-2.73,0
2.02,20.22,69.76,40.6,0,-4.26,0
0.95,14.65,39.46,39.14,0,-0.83,0
3.99,36.72,95.75,51.67,0,-3.91,0
3.28,12.76,42.47,48.07,0,-1.83,0
4.54,76.41,183.23,54.53,0,-1.65,0
1.59,13.08,56.86,49.17,0,-2.89,0
15.18,53.39,151.32,61.97,0,-4.06,1
0.24,47.98,123.52,50.87,1,-21.87,0
0.29,1.5,18.39,28.65,0,-3.47,0
8.71,138.74,359.24,59.05,0,-0.28,1
3.65,19.28,56.34,42.74,0,-2.88,0
1.38,7.84,15.48,29.85,0,-2.91,0
5.02,33.41,84.82,53.14,0,-2.59,0
2.11,20.84,42.01,41.03,0,-4.23,0
0.07,14.92,22.73,23.85,0,-4.24,0
3.69,21.88,40.53,38.56,0,-1.67,0
0.97,4.8,14.74,32.55,0,-2.16,0
0.43,3.01,19.11,31.4,0,-3.61,0
0.89,9.85,24.74,38.85,0,-3.83,0
2.26,63.69,155.63,53.23,0,-2.0,0
0.18,10.45,31.94,41.75,0,-1.7,0
7.51,72.28,168.43,54.34,0,-3.73,0
2.87,18.32,42.92,37.84,0,-1.82,0
1.21,7.0,53.01,51.59,0,-1.94,0
4.07,32.33,65.42,37.82,1,-9.21,1
5.71,67.9,191.27,59.27,0,-2.53,1
3.33,59.25,116.68,53.85,0,-1.6,0
0.79,19.16,27.08,32.04,0,-2.74,0
0.41,9.1,32.08,38.95,0,-2.13,0
6.88,26.37,64.38,47.89,0,-3.42,0
0.94,25.34,67.25,46.15,0,-1.39,0
0.07,6.95,22.23,34.57,0,-0.94,0
3.6,47.79,102.81,52.99,0,-3.22,0
0.58,21.71,70.49,41.59,0,-1.85,0
16.48,116.4,282.83,60.46,0,-2.62,1
7.13,48.02,99.68,52.27,0,-4.25,0
3.28,40.38,137.96,52.57,0,-2.28,0
6.28,39.97,74.33,45.78,0,-0.86,0
2.23,25.82,63.1,31.34,0,-2.03,0
5.44,23.18,50.84,44.72,0,-2.26,0
3.64,32.78,55.85,49.09,0,-3.49,1
0.1,15.6,25.67,37.75,0,-1.04,0
10.4,81.6,180.88,61.89,0,-1.69,0
6.9,58.82,157.45,60.84,0,-0.42,0
10.73,54.35,126.38,52.29,0,-3.22,0
4.6,25.46,55.28,37.89,0,-3.4,0
1.86,57.05,126.3,55.81,0,-2.17,0
0.81,2.56,21.01,38.53,0,-2.51,0
0.69,36.13,107.86,45.62,0,-3.42,0
0.55,16.06,41.19,42.65,0,-1.35,0
0.87,39.28,81.47,48.68,0,-2.81,0
2.8,21.84,41.05,38.47,0,-4.34,0
4.03,36.13,121.97,51.41,0,-3.03,0
1.32,16.79,34.87,38.75,0,-0.54,0
2.79,35.11,108.84,47.94,0,-1.45,0
1.46,12.2,58.35,58.13,0,-2.43,0
4.17,43.25,117.71,45.59,0,-0.51,0
15.62,76.53,165.34,44.13,0,-3.11,0
4.09,40.57,76.79,47.92,0,-3.01,0
0.21,8.18,35.64,38.04,0,-3.97,0
2.27,14.35,55.76,45.12,0,-2.35,0
5.15,57.96,131.95,39.52,0,-3.18,0
2.73,45.19,89.15,39.28,0,-0.98,0
10.56,59.77,101.49,47.98,0,-0.21,0
0.2,52.14,117.94,56.66,0,-0.94,0
1.2,10.44,86.65,38.98,0,-0.47,0
0.87,10.17,85.51,50.13,0,-2.04,0
5.11,30.53,73.85,44.72,0,-2.21,0
2.6,20.89,32.27,37.45,1,-7.72,0
0.52,9.4,14.27,30.71,0,-0.81,0
1.18,29.76,66.08,44.44,0,-1.12,1
2.59,14.28,55.55,42.29,0,-3.63,0
19.44,105.72,195.55,64.61,0,-2.68,1
1.59,21.65,59.1,43.32,0,-0.33,0
0.6,7.53,62.13,48.85,1,-24.81,1
2.41,20.83,44.06,37.57,0,-2.91,0
1.3,6.2,79.21,52.46,0,-1.0,0
2.92,71.93,163.96,55.58,0,-1.28,0
2.2,14.28,22.59,32.59,0,-2.58,0
4.09,61.13,179.72,49.1,0,-2.61,0
8.6,40.16,128.96,48.98,0,-3.66,0
0.78,8.43,53.21,38.39,0,-1.74,0
6.02,24.35,74.71,37.06,0,-2.56,0
10.43,86.22,168.24,52.79,0,-2.7,0
1.64,74.42,156.68,59.58,0,-2.6,0
0.42,5.32,36.11,41.7,0,-0.51,0
6.04,31.66,61.25,35.16,0,-1.97,0
4.23,35.03,66.96,53.01,0,-1.66,0
0.84,13.88,54.32,46.33,0,-4.47,0
2.06,41.28,103.31,60.85,0,-2.2,0
3.02,23.3,56.77,48.2,0,-2.07,0
0.65,3.13,19.75,42.23,0,-2.28,0
4.39,65.17,177.85,59.93,0,-4.15,1
4.1,27.53,80.64,43.22,0,-2.83,0
7.64,61.32,248.14,63.38,1,-13.28,0
2.93,38.36,145.05,43.91,1,-12.41,0
2.99,16.94,56.56,41.81,0,-4.2,0
3.38,10.01,17.69,31.84,0,-1.34,0
1.12,7.67,25.21,39.38,0,-1.89,0
4.97,85.28,130.33,54.67,0,-4.36,0
3.8,47.34,90.25,46.4,1,-22.45,0
6.4,31.64,66.44,37.61,1,-6.39,0
5.12,32.03,113.67,47.99,0,-1.04,0
3.56,28.68,68.48,43.86,0,-1.85,0
0.61,2.68,16.18,28.02,0,-2.91,0
8.8,38.57,100.97,37.02,0,-0.37,0
1.6,31.94,75.53,46.19,0,-0.56,0
11.66,47.76,89.89,46.22,0,-0.22,0
1.8,48.27,74.16,43.58,0,-1.14,0
0.55,24.81,39.68,39.49,0,-0.99,0
7.57,44.99,115.0,49.64,0,-3.86,0
5.55,69.93,129.38,58.92,0,-1.0,1
5.4,32.53,81.71,43.59,0,-3.04,0
0.33,45.4,138.16,50.32,1,-10.95,0
7.4,51.5,134.12,50.24,0,-2.75,0
3.18,39.06,110.81,52.29,0,-2.07,0
2.22,42.83,152.3,56.57,0,-1.96,0
8.55,31.94,76.78,43.66,0,-3.88,0
3.84,27.58,84.58,47.67,0,-0.92,0
0.5,17.13,79.95,48.89,0,-2.76,0
2.57,28.74,67.04,47.71,0,-3.73,0
3.54,18.08,59.43,42.64,0,-3.27,0
8.01,132.37,320.53,61.08,1,-24.71,0
1.15,32.43,116.75,48.19,1,-12.14,0
5.53,35.15,83.87,48.94,0,-4.0,0
5.63,44.85,105.48,54.35,0,-2.84,0
0.48,13.0,39.45,39.36,0,-0.21,0
0.06,39.72,75.33,44.28,0,-2.2,0
3.05,23.85,62.12,40.91,0,-3.5,0
5.45,22.96,58.59,47.08,0,-0.98,0
2.83,16.06,33.97,31.0,0,-3.12,0
5.87,104.93,211.79,57.73,0,-0.8,1
3.41,21.15,85.52,55.09,1,-14.03,0
3.71,25.45,40.95,44.84,0,-2.64,0
0.1,14.09,44.32,40.83,0,-0.35,0
0.32,8.16,33.45,34.56,0,-0.59,0
4.52,16.74,82.09,46.07,0,-3.91,0
5.04,35.04,72.02,46.06,0,-0.34,0
2.73,17.09,39.73,49.22,0,-1.48,0
3.12,31.85,128.72,58.59,0,-2.64,0
3.34,23.43,82.5,51.87,0,-1.12,1
0.39,16.59,48.32,40.01,0,-1.16,0
3.86,21.46,54.77,39.75,0,-3.54,0
2.28,29.75,64.23,43.19,0,-1.45,0
3.23,13.45,25.38,39.58,0,-0.37,0
2.9,21.87,55.42,50.51,0,-3.3,0
5.04,30.91,73.05,41.55,0,-4.3,0
1.34,15.87,44.18,28.32,0,-3.78,0
1.64,15.71,35.93,36.42,0,-2.56,0
1.74,26.48,83.78,52.92,0,-2.03,1
5.03,43.91,124.55,50.16,0,-4.18,0
1.97,21.25,40.35,41.1,0,-3.49,0
0.68,7.02,104.14,44.93,0,-2.65,0
14.27,59.75,122.34,51.29,0,-3.98,0
2.38,77.6,160.95,52.56,0,-2.79,0
0.4,5.3,12.59,29.46,0,-4.39,0
3.88,12.34,18.41,33.33,0,-3.89,0
4.7,27.61,94.2,52.64,0,-2.57,0
2.43,24.85,51.46,39.41,0,-4.17,0
3.64,27.08,47.29,34.87,0,-1.67,0
0.66,39.46,98.78,42.23,0,-3.21,0
1.61,21.69,70.87,50.83,0,-0.94,0
0.62,9.14,28.57,31.5,0,-4.05,0
1.71,68.8,107.0,53.5,0,-1.27,0
2.9,16.27,26.68,27.05,0,-4.28,0
2.05,10.35,34.42,45.11,0,-0.27,0
3.15,14.61,47.33,54.48,0,-3.13,0
2.44,11.63,33.14,38.55,0,-0.85,0
1.34,35.54,90.99,47.27,0,-3.51,0
0.54,9.96,17.43,39.17,0,-2.32,0
1.02,29.38,51.63,39.07,0,-4.11,0
0.78,32.51,52.86,42.07,0,-3.27,0
4.3,23.19,57.72,29.03,0,-3.5,0
6.0,49.18,89.53,48.12,0,-0.72,0
4.46,28.33,45.28,45.85,0,-0.62,0
3.61,59.05,139.33,52.25,0,-3.86,0
1.29,6.81,16.49,29.42,0,-1.17,0
4.34,33.44,108.78,48.97,0,-3.93,1
3.25,57.38,130.56,63.47,0,-0.81,0
0.17,6.34,24.49,35.46,0,-1.53,0
8.34,24.51,55.27,42.54,0,-4.19,0
0.29,18.02,122.93,50.81,0,-3.81,0
2.45,16.38,43.31,44.73,0,-0.43,0
2.52,24.35,79.43,42.88,0,-2.13,0
6.35,60.15,186.62,64.76,1,-16.25,1
8.55,42.15,155.0,55.41,0,-0.26,0
9.83,59.35,111.3,57.32,1,-23.42,0
2.95,19.75,38.95,36.63,0,-2.97,0
3.98,48.73,81.34,51.31,0,-0.65,0
0.32,27.84,78.57,49.46,1,-23.77,0
2.34,18.79,57.22,42.46,0,-2.38,0
7.98,44.23,70.61,52.22,0,-3.9,1
2.13,38.37,98.97,56.34,0,-4.32,0
0.25,10.09,49.59,37.86,0,-2.4,0
0.78,13.17,30.61,32.59,1,-12.35,0
1.96,17.45,52.28,40.48,0,-3.33,0
0.95,7.03,47.6,39.13,0,-1.03,0
1.74,18.07,45.87,45.41,0,-4.25,0
1.42,40.96,86.24,49.79,1,-10.03,0
1.34,17.63,92.26,44.41,0,-0.21,0
0.33,13.12,29.78,31.67,0,-2.89,0
7.5,27.91,103.14,50.99,0,-1.67,0
4.13,22.76,81.68,51.61,0,-1.91,0
3.42,11.5,45.34,47.91,0,-1.15,0
3.26,17.71,56.22,43.4,0,-1.95,0
1.77,20.34,59.75,42.66,0,-3.76,0
6.07,38.66,102.33,49.19,0,-3.21,0
9.31,44.56,80.86,43.5,0,-0.61,0
0.02,92.31,147.82,54.97,0,-0.44,0
0.29,10.91,19.21,30.15,0,-2.38,0
3.93,50.98,145.62,53.11,0,-3.34,0
0.94,9.24,95.43,52.34,0,-3.06,0
8.49,46.22,142.38,47.65,0,-3.92,0
3.85,32.02,81.11,37.6,0,-0.77,0
1.61,4.19,10.88,24.82,0,-2.8,0
1.88,9.58,33.33,40.91,0,-3.49,0
4.11,25.27,101.28,51.92,0,-4.23,0
0.53,6.54,32.81,41.51,0,-0.63,0
7.52,45.44,108.16,42.82,0,-1.23,0
0.02,23.23,87.38,50.74,0,-1.72,1
13.51,70.15,184.7,51.15,0,-2.53,0
0.64,8.84,63.66,38.66,0,-1.96,0
4.74,57.54,92.57,42.47,0,-3.9,0
0.14,4.07,8.78,23.1,0,-4.29,0
1.98,28.59,81.29,60.42,0,-0.5,0
3.48,71.96,202.89,62.21,0,-3.21,0
0.25,6.21,25.41,25.37,0,-0.69,0
2.05,7.1,28.86,27.8,0,-4.06,0
1.26,83.69,187.41,58.93,0,-0.81,1
2.41,14.43,82.08,48.18,0,-4.46,0
2.46,19.83,137.74,51.21,1,-22.98,0
5.38,29.38,83.1,55.95,0,-1.84,0
0.46,7.11,38.25,33.84,0,-2.72,0
0.3,99.9,265.08,67.51,0,-1.9,1
1.8,9.72,37.78,42.23,0,-1.21,0
7.65,45.81,80.4,59.08,0,-2.91,0
6.77,51.54,129.47,65.77,0,-3.33,0
2.87,24.38,47.05,43.96,0,-4.26,0
7.69,34.05,59.63,43.44,0,-1.96,1
5.73,106.4,230.39,62.95,1,-19.97,1
1.14,48.73,125.31,56.17,0,-3.78,0
0.65,9.93,28.58,26.28,0,-3.77,0
1.25,21.89,102.38,42.83,1,-13.96,0
0.9,5.12,18.72,37.3,0,-1.73,0
3.41,19.31,47.04,47.32,0,-0.26,0
3.08,18.38,126.92,60.71,1,-21.76,0
3.19,36.06,78.95,45.76,0,-3.92,0
0.73,7.55,29.26,37.42,0,-3.7,0
5.49,45.69,123.72,50.63,0,-3.69,0
1.99,18.22,77.08,55.71,0,-1.71,0
2.24,60.54,167.4,55.09,0,-0.4,0
20.29,67.28,200.53,55.5,0,-0.94,0
1.16,39.89,93.17,48.24,1,-15.49,0
1.75,25.08,58.93,41.16,0,-0.78,0
3.95,98.09,277.36,63.03,0,-0.74,0
7.43,56.85,136.77,58.81,1,-7.84,0
0.47,28.72,113.95,52.42,0,-0.61,0
4.65,31.08,45.84,37.24,0,-1.62,0
8.77,61.68,130.47,50.38,0,-4.37,1
1.92,13.6,45.26,37.38,0,-0.29,1
1.18,4.47,39.46,28.89,0,-3.77,0
3.96,42.48,103.22,54.95,0,-4.47,0
0.99,9.3,14.73,34.1,0,-2.08,0
1.7,17.4,125.29,60.88,0,-4.26,1
7.95,28.06,114.41,53.75,0,-1.32,0
3.12,22.88,57.01,35.18,0,-4.42,0
0.35,2.33,20.49,33.78,1,-20.05,0
1.4,12.62,43.68,40.6,0,-4.0,0
3.45,18.54,88.11,51.99,0,-0.76,0
2.3,22.54,67.36,53.76,0,-3.94,0
3.78,11.26,67.37,38.6,0,-4.25,1
5.02,71.51,205.5,62.56,1,-8.71,0
2.29,74.14,132.09,52.98,0,-0.59,0
15.19,58.59,146.06,68.04,1,-9.46,0
8.61,35.74,74.04,50.4,0,-1.74,0
0.22,3.12,54.42,40.85,0,-3.23,0
1.08,51.44,99.66,56.75,0,-0.25,0
1.25,22.88,104.41,49.36,0,-4.29,0
0.71,22.16,109.07,54.59,0,-2.46,0
1.31,49.57,76.7,44.52,0,-1.74,0
1.94,54.09,148.76,55.82,0,-2.61,0
0.19,36.28,76.78,52.83,0,-3.28,0
0.48,31.94,44.91,38.14,0,-1.38,0
0.35,42.91,115.61,36.81,0,-1.45,0
0.17,42.72,95.91,45.65,0,-2.21,0
2.3,20.52,76.37,53.81,1,-9.3,0
1.42,76.84,257.85,70.46,0,-3.24,1
9.59,81.21,174.86,54.04,0,-1.59,0
0.38,10.68,42.83,31.5,0,-1.59,0
9.11,65.86,178.94,55.58,0,-2.29,0
0.32,24.15,81.01,52.0,0,-2.53,0
3.38,19.3,61.28,42.5,0,-2.99,0
1.0,39.82,97.31,39.68,0,-2.86,0
6.14,19.02,50.19,44.06,0,-1.8,0
0.22,48.2,103.21,55.59,0,-1.48,0
10.67,63.39,214.27,68.17,1,-11.81,0
0.17,3.84,27.4,24.92,0,-2.98,0
0.97,44.56,163.47,62.44,0,-2.06,0
2.18,14.19,48.32,41.72,0,-0.78,0
4.94,64.52,132.96,50.61,0,-0.23,0
10.56,48.88,127.81,45.13,0,-0.33,0
1.96,62.84,194.9,49.76,0,-3.93,0
4.96,22.83,57.06,38.88,0,-2.17,0
4.55,23.28,47.75,36.58,0,-3.03,0
2.96,65.85,139.38,54.02,1,-25.81,0
4.11,17.11,74.24,53.42,0,-0.74,0
0.14,58.07,123.1,52.5,0,-2.12,0
2.04,40.25,97.33,41.92,0,-2.52,0
5.39,20.97,55.39,37.28,0,-3.82,0
2.25,23.21,66.76,46.34,0,-4.47,0
7.24,24.82,68.44,41.21,0,-3.26,0
6.28,30.27,65.86,43.91,0,-2.96,0
6.97,48.16,215.67,66.1,1,-18.57,0
0.49,20.62,71.64,48.81,0,-3.8,0
0.98,80.11,109.08,48.45,1,-18.01,0
0.11,4.32,19.39,27.74,0,-0.21,0
14.22,46.69,119.54,62.29,0,-2.41,1
0.94,23.2,56.96,39.2,0,-3.57,0
1.6,8.05,49.12,52.93,0,-0.98,0
1.13,31.26,60.37,51.5,0,-3.43,0
0.14,10.97,37.16,37.56,0,-0.24,0
1.06,64.37,151.26,49.57,0,-2.67,0
0.36,21.69,54.5,42.37,0,-3.86,0
1.75,18.81,51.98,48.21,0,-2.05,0
11.92,80.97,197.1,57.29,0,-3.38,0
4.19,53.22,161.48,49.97,0,-2.48,0
4.3,44.66,102.47,47.54,0,-2.98,0
2.11,17.21,60.48,45.38,0,-2.42,0
5.84,28.0,93.58,51.45,0,-2.25,0
8.36,54.2,160.76,56.9,0,-3.82,0
11.4,59.42,118.91,50.04,0,-0.6,0
0.36,8.85,74.04,45.38,0,-2.71,0
7.41,62.37,98.41,47.48,0,-0.69,0
0.89,4.89,24.46,34.99,0,-2.62,0
1.77,17.22,74.96,47.46,0,-4.34,0
1.48,8.14,63.57,42.83,1,-13.79,0
3.94,25.64,51.0,37.19,0,-2.01,0
3.19,25.18,58.76,49.34,0,-3.65,0
0.4,30.88,49.81,42.62,0,-1.79,0
5.34,99.6,280.63,67.11,1,-24.76,0
2.03,24.44,77.22,42.82,0,-0.69,0
0.01,8.3,22.64,33.28,0,-1.16,0
1.87,43.8,130.35,49.82,0,-3.15,0
2.54,14.39,40.92,46.06,0,-3.76,0
0.25,3.4,15.03,25.71,0,-2.98,0
0.57,11.05,76.51,41.37,0,-3.8,0
17.66,105.16,167.56,57.39,0,-2.8,1
7.17,67.61,172.84,51.63,1,-23.2,0
0.5,53.62,135.31,61.21,0,-4.43,0
3.04,24.4,77.86,39.59,0,-0.56,0
1.67,22.25,47.45,39.4,0,-2.26,0
2.75,13.9,55.77,40.37,0,-1.02,1
2.23,19.47,27.04,36.62,0,-2.2,0
0.17,52.27,137.29,50.34,0,-2.35,0
1.33,16.96,45.12,41.32,0,-2.87,0
0.47,6.86,47.89,36.38,0,-2.09,0
2.35,21.38,70.71,40.35,0,-1.6,0
8.32,41.43,70.34,44.2,1,-17.37,0
18.94,82.33,162.18,56.09,0,-0.35,0
10.1,59.11,137.22,52.94,0,-0.95,0
14.87,108.74,215.72,58.4,0,-2.13,1
0.05,17.8,52.23,48.5,0,-2.0,0
4.58,33.48,133.66,55.49,0,-1.02,0
1.12,45.18,106.02,52.02,0,-3.74,0
7.02,77.72,111.61,56.87,0,-3.14,0
5.88,24.95,116.34,45.27,0,-1.68,0
1.93,24.72,80.37,57.46,0,-3.63,0
2.24,34.9,112.96,43.27,0,-4.45,0
1.08,6.01,74.94,52.3,1,-11.67,1
1.19,41.72,171.15,48.93,0,-1.76,0
13.9,39.61,54.72,41.9,0,-4.47,0
7.69,57.39,126.71,50.16,0,-0.79,0
0.75,6.4,20.53,40.67,0,-0.53,0
1.13,30.34,111.13,55.3,0,-2.44,1
0.4,4.37,19.94,31.4,0,-2.21,0
15.74,94.46,256.09,65.11,0,-0.54,0
8.32,25.11,94.0,50.57,1,-8.62,0
2.81,20.12,67.57,48.32,0,-2.0,0
4.13,105.47,140.35,53.67,0,-3.74,0
4.82,16.54,55.04,38.82,0,-3.24,0
0.8,12.97,27.69,24.46,0,-4.13,0
9.55,67.91,136.42,52.54,0,-1.63,0
2.62,11.43,21.65,34.08,0,-1.53,0
0.34,3.72,6.49,22.82,0,-2.19,0
1.77,12.7,58.5,42.65,1,-25.08,0
3.22,30.32,138.37,60.03,0,-1.09,0
1.52,55.12,217.79,60.91,1,-16.92,1
4.2,59.35,97.03,45.9,0,-0.46,0
7.48,101.76,243.02,66.43,0,-2.16,1
5.17,31.28,76.06,47.43,0,-4.09,0
3.6,81.13,221.98,61.65,0,-0.22,0
2.51,22.0,90.25,46.46,0,-2.9,0
1.03,14.31,120.23,46.23,0,-3.98,0
2.12,17.85,45.88,41.43,0,-0.66,0
1.21,4.42,46.62,42.23,0,-4.14,0
9.51,71.25,207.09,56.24,0,-3.72,0
8.32,22.6,37.89,38.98,0,-1.12,0
0.59,28.47,65.09,49.01,0,-4.09,0
6.05,37.35,98.24,44.68,0,-3.66,0
4.25,25.24,118.51,54.44,0,-0.68,0
12.94,76.27,228.1,60.54,0,-3.77,1
2.18,20.21,65.14,49.15,0,-2.53,0
4.48,81.66,193.94,64.36,0,-3.71,0
2.55,28.8,71.91,45.92,0,-2.86,0
0.25,16.85,62.74,43.87,0,-1.88,0
0.17,3.44,7.54,27.13,0,-2.78,0
0.46,11.89,42.62,34.12,0,-2.94,0
1.23,4.27,55.01,44.26,0,-3.49,0
1.05,33.12,78.96,47.13,0,-3.77,0
4.56,17.36,54.52,38.4,0,-3.05,0
4.4,35.57,84.55,37.9,0,-4.46,0
12.44,57.84,137.81,57.15,0,-3.55,0
1.3,16.28,62.0,41.96,0,-4.12,0
9.76,44.87,102.93,53.82,0,-1.57,0
3.32,48.12,98.79,43.02,0,-1.56,0
2.39,17.28,51.53,41.88,0,-1.76,0
3.86,38.17,77.62,46.44,0,-2.09,0
4.25,51.69,122.16,51.7,1,-10.85,1
0.66,10.61,32.0,44.48,0,-0.52,0
4.88,26.69,55.77,43.25,0,-2.34,0
4.52,31.48,55.09,33.65,0,-0.89,0
21.02,115.94,224.27,58.83,1,-14.58,1
8.5,47.51,154.53,47.89,0,-0.33,0
4.04,17.95,49.68,48.18,1,-16.6,0
4.36,19.28,40.18,40.03,0,-1.9,0
10.21,62.14,169.04,56.37,0,-0.6,1
11.96,55.17,94.4,42.16,0,-1.82,0
6.14,31.02,83.86,48.49,0,-3.68,0
5.1,38.05,110.32,56.59,0,-0.79,0
0.41,38.13,85.5,50.84,0,-4.43,0
6.21,77.5,125.44,55.87,0,-0.45,0
1.02,18.85,44.29,47.0,0,-1.44,0
2.9,60.06,143.28,62.57,0,-3.53,0
1.82,20.83,50.33,41.79,0,-1.74,0
1.48,28.12,56.52,45.55,0,-2.27,0
1.3,9.98,76.3,54.95,0,-1.0,0
6.77,28.91,57.35,37.76,0,-3.28,0
5.13,21.24,156.19,58.49,0,-0.97,0
2.59,14.88,114.68,46.77,0,-3.85,0
3.82,47.14,134.45,52.19,1,-17.24,0
14.59,72.26,157.47,62.9,0,-2.56,1
1.77,10.86,83.39,43.33,0,-4.21,0
2.8,65.93,142.84,60.34,1,-24.64,0
2.67,37.26,72.1,42.61,0,-3.4,0
9.62,62.07,88.57,53.85,0,-3.89,0
1.52,6.35,35.78,44.95,0,-0.59,0
15.0,94.76,241.03,57.19,1,-15.59,0
1.27,6.65,78.23,49.89,0,-1.2,0
0.4,20.66,59.43,48.77,0,-1.41,0
0.74,24.05,96.21,47.31,0,-0.27,0
1.94,20.27,41.08,41.87,0,-4.04,0
3.67,58.98,113.98,45.82,0,-3.38,0
2.55,9.82,39.5,49.58,0,-0.8,0
1.65,42.74,98.53,46.07,0,-1.61,0
2.89,23.89,111.19,50.01,0,-2.26,0
6.39,49.62,105.75,50.1,0,-2.32,0
6.39,123.24,243.27,62.24,1,-10.4,0
4.53,38.61,157.03,58.42,0,-2.23,0
10.66,85.14,200.47,61.56,0,-2.99,1
3.12,19.8,40.15,33.24,0,-4.0,0
0.03,33.23,57.19,36.51,0,-1.91,0
1.2,34.09,74.85,54.62,0,-3.97,0
1.39,73.9,125.39,58.89,0,-1.14,1
2.77,64.24,142.33,48.33,0,-0.72,0
8.23,30.95,69.76,47.2,0,-1.23,0
6.37,41.5,97.4,53.7,0,-1.09,0
0.92,53.37,137.0,64.64,1,-23.49,1
2.56,34.75,90.06,46.21,0,-1.84,0
3.77,27.53,78.1,51.79,0,-3.0,0
15.34,60.68,118.99,56.02,0,-3.19,1
0.11,9.22,32.34,33.23,1,-12.25,0
2.18,33.3,112.87,49.94,0,-1.16,0
15.51,82.54,222.96,57.0,0,-2.08,0
13.23,58.71,128.45,55.24,0,-2.24,0
1.41,7.29,15.75,23.66,0,-4.3,0
0.0,20.06,54.65,41.12,0,-2.65,0
3.09,66.29,99.23,48.11,0,-4.37,0
7.06,43.83,96.85,39.35,0,-2.68,1
1.37,56.71,111.41,53.02,1,-8.22,1
9.53,38.1,79.43,50.29,0,-1.85,0
1.42,51.5,109.72,44.02,0,-3.61,0
3.3,41.74,114.34,51.85,0,-2.01,0
4.48,77.26,194.67,52.15,0,-0.63,0
1.48,38.82,72.52,46.33,0,-0.61,0
1.52,15.19,52.92,47.68,0,-1.22,0
2.22,56.39,132.7,51.34,0,-2.63,0
6.31,49.03,111.14,49.98,1,-21.11,0
0.37,5.73,37.53,48.67,0,-2.49,0
3.49,11.14,36.23,34.03,0,-3.41,0
3.96,26.08,67.65,40.15,0,-2.98,0
2.86,43.7,129.83,53.56,0,-2.45,0
9.61,44.05,113.32,63.79,0,-1.12,1
3.22,27.69,61.99,45.0,0,-4.0,0
3.52,18.54,51.85,38.3,0,-1.39,0
3.2,24.73,163.02,59.66,0,-1.29,0
4.48,28.36,76.08,50.07,0,-1.31,0
0.51,14.55,32.1,39.64,0,-0.61,0
7.86,136.75,361.69,70.21,1,-21.02,0
0.15,43.14,95.0,53.98,1,-17.63,0
3.58,25.04,47.88,40.04,0,-2.44,0
3.35,35.14,66.17,43.91,0,-2.15,0
0.82,17.98,126.66,57.45,0,-2.44,0
0.15,3.43,17.25,19.69,0,-1.48,0
0.52,94.07,206.43,46.82,0,-3.71,0
1.11,14.58,48.01,37.73,0,-2.5,0
7.48,54.47,77.55,44.87,0,-1.1,0
6.78,45.2,80.72,50.59,0,-4.08,0
0.23,5.26,21.01,30.79,0,-0.67,0
1.2,9.06,131.53,59.62,0,-3.35,0
7.7,42.3,141.15,55.45,0,-3.12,0
0.95,15.29,77.91,42.75,0,-0.51,0
19.29,106.85,231.89,67.56,1,-17.98,1
1.04,57.03,113.27,53.09,0,-1.56,0
4.7,46.16,126.31,46.71,0,-3.39,0
1.89,53.58,137.19,58.16,1,-13.95,1
0.51,39.39,88.07,52.1,0,-2.46,0
1.03,28.12,95.66,43.01,0,-4.38,0
3.94,21.0,99.77,50.5,0,-2.83,1
1.44,27.46,60.5,46.46,0,-1.47,0
3.24,17.06,80.47,38.75,1,-13.82,0
0.81,6.51,33.83,42.37,0,-3.11,0
2.08,31.96,98.01,46.28,0,-2.11,0
2.51,30.44,74.74,41.78,0,-4.12,0
1.86,9.7,66.61,43.21,0,-3.93,0
0.77,11.65,41.78,42.7,0,-0.83,0
2.17,9.64,18.23,37.24,0,-3.58,1
4.13,45.82,111.39,59.8,0,-4.25,0
11.72,129.09,371.91,62.12,1,-6.78,1
5.45,54.51,173.25,59.33,0,-1.22,0
0.62,40.64,88.1,51.69,0,-0.24,0
1.11,17.04,64.39,46.63,0,-0.7,0
0.29,2.86,14.54,26.05,0,-4.33,0
0.51,28.35,67.29,46.04,0,-1.88,0
1.01,9.73,39.3,40.18,0,-1.87,0
0.78,13.23,46.29,37.17,0,-1.35,0
0.84,28.26,47.29,42.97,0,-0.91,0
0.92,50.64,103.85,51.56,0,-2.39,0
1.25,20.5,84.29,40.93,0,-3.31,0
0.47,67.03,175.35,60.82,1,-12.86,0
1.14,18.75,47.93,41.27,0,-0.35,0
4.08,25.47,58.68,33.61,0,-3.65,0
0.94,17.42,29.3,34.3,0,-4.21,0
0.66,41.35,63.74,44.7,0,-2.09,0
0.25,16.86,93.51,45.49,0,-1.78,0
2.43,35.39,80.25,48.6,0,-1.19,0
6.46,35.38,76.45,44.97,0,-1.5,0
0.21,16.73,47.28,45.67,0,-2.97,0
2.74,13.99,107.44,52.34,0,-3.51,0
3.68,21.68,60.73,53.0,0,-1.63,0
3.14,19.37,54.65,35.0,0,-1.66,0
7.35,46.49,120.09,54.11,0,-2.14,0
7.05,57.79,102.33,50.4,0,-0.93,0
0.21,36.49,162.75,58.76,0,-4.19,0
1.57,8.97,14.12,37.33,0,-3.23,0
3.89,34.5,109.08,44.02,0,-2.06,0
10.66,72.67,183.0,61.26,1,-20.42,0
5.72,39.23,110.6,53.06,0,-3.85,1
0.68,22.95,97.22,45.07,0,-2.28,0
1.15,9.7,55.36,48.31,0,-3.63,0
5.05,79.96,136.8,54.6,0,-0.34,0
2.23,66.35,130.42,49.93,0,-1.38,0
2.77,18.08,37.95,40.36,1,-10.91,0
3.29,40.54,167.2,61.8,0,-2.3,1
0.38,2.09,33.59,38.62,0,-1.47,0
6.78,20.83,48.64,38.73,0,-1.06,0
6.96,103.35,212.93,56.21,1,-10.18,1
2.21,33.05,58.32,38.92,0,-3.39,0
3.45,21.26,68.25,48.91,0,-0.99,0
3.77,39.24,90.67,53.39,0,-2.75,0
0.74,39.51,91.62,47.55,0,-2.02,0
0.42,42.44,146.73,66.93,0,-3.48,0
0.07,0.76,5.38,26.17,0,-1.07,0
8.54,58.45,100.29,49.66,0,-1.36,0
1.48,42.79,77.51,44.61,0,-1.91,0
0.31,19.45,33.76,36.49,0,-0.92,0
2.19,23.35,57.54,42.63,0,-2.18,0
0.28,3.22,30.32,39.0,0,-1.99,0
0.31,6.29,9.61,28.11,0,-4.46,0
2.35,27.24,40.75,41.97,0,-2.75,0
2.49,46.52,73.1,37.84,0,-0.5,0
3.04,40.12,74.21,42.9,0,-2.18,0
3.74,27.28,49.71,39.51,0,-3.98,0
3.86,43.46,72.63,44.46,1,-23.31,0
1.99,37.98,65.03,35.16,0,-4.34,0
3.61,37.63,130.48,58.13,0,-4.05,0
1.27,10.3,30.8,28.89,0,-0.96,0
2.04,19.16,70.38,42.17,0,-0.22,0
1.75,13.52,23.16,33.76,0,-2.85,1
1.4,4.56,34.54,47.5,0,-3.22,0
0.95,5.69,51.54,41.26,0,-0.76,0
0.29,29.87,72.49,47.96,0,-0.92,0
2.47,9.72,24.44,26.89,0,-4.34,0
2.7,23.94,59.86,39.13,0,-4.26,0
1.43,92.19,218.17,57.0,0,-0.87,0
13.03,83.5,164.1,54.1,0,-1.26,0
2.85,35.78,68.81,50.13,0,-4.04,0
7.69,25.97,125.46,50.37,0,-2.07,0
2.95,31.74,94.76,52.31,0,-3.63,0
0.74,15.87,74.84,42.27,0,-1.9,0
12.86,86.88,152.62,54.39,0,-3.37,0
7.58,39.27,97.96,37.72,0,-1.91,0
2.23,25.92,78.83,46.45,0,-4.07,0
0.97,92.75,219.38,60.48,1,-25.78,1
0.88,12.65,27.9,34.41,0,-2.45,0
5.74,37.08,100.86,59.94,1,-22.42,1
0.25,13.26,55.87,42.15,0,-2.99,0
3.56,29.78,80.7,33.5,0,-1.52,0
3.58,11.78,54.8,36.15,0,-2.96,0
0.71,35.48,91.24,48.54,0,-0.81,0
4.27,27.99,74.65,45.7,0,-4.04,0
4.28,35.73,54.0,38.0,0,-0.82,0
1.51,28.26,79.53,41.82,0,-3.81,0
2.31,40.64,61.94,50.65,0,-3.18,0
6.26,118.07,261.03,67.63,1,-7.81,1
2.59,15.45,53.51,47.59,0,-1.61,0
3.37,23.96,63.8,40.95,0,-4.35,0
1.86,9.94,73.84,49.45,0,-1.04,0
0.57,44.08,81.42,34.4,0,-3.31,0
21.87,125.8,192.65,56.81,1,-25.61,1
2.65,52.79,130.11,50.85,1,-14.75,1
1.44,89.96,286.32,62.5,1,-9.92,1
4.38,35.34,119.48,53.02,0,-4.21,0
3.39,14.65,55.0,41.43,1,-22.31,0
0.93,12.75,22.77,28.14,0,-2.56,0
7.33,24.43,65.02,40.61,0,-0.85,0
0.26,39.18,57.49,45.41,0,-1.15,0
3.26,14.11,55.13,44.09,0,-1.07,0
2.27,27.98,74.67,54.06,0,-1.15,0
1.34,5.77,19.95,34.4,0,-2.25,0
6.13,28.82,81.7,54.72,0,-3.93,1
3.74,17.91,72.28,38.44,0,-0.3,0
4.99,35.21,88.38,51.28,1,-22.86,0
1.87,8.95,77.61,50.39,0,-2.77,0
9.99,59.75,94.16,51.61,0,-3.92,0
1.48,27.17,54.95,36.27,0,-1.48,0
2.65,84.44,174.6,59.18,1,-19.56,0
9.49,83.91,195.2,57.26,0,-1.81,0
0.3,18.14,104.83,53.54,0,-1.46,0
0.4,33.41,64.84,43.86,0,-3.2,0
18.02,92.36,192.65,56.05,0,-3.02,1
12.44,73.07,113.85,63.19,1,-21.35,1
5.17,38.14,79.79,43.25,0,-4.15,0
2.32,20.6,164.45,58.19,1,-14.77,0
2.47,35.79,94.1,51.93,0,-2.52,0
1.04,11.96,16.4,30.15,0,-1.0,0
1.98,15.25,23.83,39.81,1,-16.52,0
1.98,14.72,73.47,50.2,0,-2.74,0
0.13,41.4,98.24,41.33,0,-4.15,0
2.11,15.67,53.96,45.15,0,-2.48,0
2.29,20.53,89.55,57.37,0,-4.22,0
3.84,62.34,153.59,52.07,0,-1.33,0
2.54,8.07,27.74,28.44,0,-0.57,1
6.92,87.37,184.78,56.83,0,-3.62,0
1.6,52.09,101.47,50.04,0,-3.98,0
1.85,20.49,74.06,46.15,0,-2.13,0
2.97,30.02,64.6,49.48,0,-0.64,0
0.79,97.84,155.44,52.57,1,-24.69,0
1.75,26.15,107.98,53.7,0,-0.47,0
4.06,24.85,67.31,48.62,0,-2.09,0
1.86,48.62,124.88,53.56,0,-1.21,0
8.3,34.52,83.46,44.44,0,-2.19,0
3.34,25.32,59.43,37.43,0,-2.3,0
0.58,44.46,65.49,36.74,1,-8.26,0
2.34,18.73,69.63,37.85,0,-2.87,0
5.07,56.53,126.62,45.19,0,-3.12,0
3.61,32.73,124.98,60.68,0,-1.9,0
7.58,53.83,106.45,49.95,1,-13.48,0
4.85,19.59,53.57,52.19,0,-1.78,1
0.22,11.97,38.5,40.2,0,-0.5,0
0.42,9.53,15.57,23.64,0,-1.58,0
3.67,19.12,31.99,35.59,0,-1.06,0
0.95,12.22,29.21,38.9,0,-1.45,0
3.1,16.23,101.56,51.77,0,-3.27,1
5.5,76.85,241.55,59.56,0,-4.45,0
3.01,26.5,78.66,51.22,0,-4.17,0
1.88,18.37,46.98,35.21,0,-3.73,0
3.64,32.24,72.64,46.6,0,-3.37,0
0.54,114.25,172.17,61.35,1,-20.34,1
4.5,42.85,157.17,54.31,0,-3.43,0
4.18,44.34,125.83,55.62,0,-2.23,0
2.53,13.91,65.34,43.74,0,-2.79,0
1.14,17.67,47.29,41.53,0,-1.51,0
5.59,34.03,89.09,50.5,1,-14.64,1
2.5,35.09,109.44,49.74,0,-1.72,0
0.21,9.15,13.25,37.4,0,-1.94,0
8.78,75.61,177.35,59.07,0,-3.35,1
5.11,34.81,129.18,56.26,0,-3.89,0
3.08,21.03,64.03,49.8,0,-4.34,0
2.01,19.22,52.35,44.65,0,-1.71,0
11.26,45.12,127.2,48.54,0,-4.32,0
5.22,15.65,34.85,40.98,0,-3.64,0
2.68,22.52,54.01,43.33,0,-0.33,0
3.71,37.06,65.47,40.9,0,-2.76,0
1.15,26.59,120.85,58.3,0,-1.77,0
0.76,15.02,27.08,29.98,0,-0.35,0
1.12,19.28,45.29,37.31,0,-2.49,0
1.21,20.31,49.95,39.06,0,-2.71,0
4.71,36.55,67.21,38.37,0,-1.28,0
0.53,4.76,36.58,37.76,0,-4.24,0
5.26,38.45,168.83,53.83,0,-2.82,0
2.59,11.79,51.81,42.72,0,-0.96,0
1.7,22.26,39.79,47.33,0,-3.3,0
1.25,33.25,68.33,44.76,0,-2.35,0
2.52,30.26,44.79,42.36,0,-2.23,0
1.34,10.7,35.71,37.52,0,-3.79,0
1.96,11.97,26.5,33.37,0,-0.79,0
4.7,24.13,78.36,50.38,0,-2.31,0
3.44,25.43,44.98,35.3,0,-3.56,0
4.82,27.74,38.05,43.22,1,-6.23,0
4.37,29.93,120.39,48.68,0,-0.22,0
5.91,46.01,138.85,61.24,0,-3.59,1
0.79,11.79,22.53,31.86,0,-4.26,0
18.63,78.1,145.27,51.0,0,-3.23,0
2.26,27.38,94.81,49.78,0,-3.97,0
4.43,38.0,90.84,40.83,0,-1.75,0
3.96,66.31,191.19,53.42,0,-1.71,1
2.92,12.22,38.41,40.71,0,-1.58,0
19.17,63.03,127.17,59.18,0,-3.36,0
0.86,28.15,39.74,35.74,0,-4.25,0
1.92,16.82,48.98,47.32,0,-4.01,0
0.48,88.28,253.29,60.25,0,-0.85,0
0.7,7.38,52.97,42.75,0,-2.89,0
4.37,18.34,93.81,50.08,0,-4.48,0
0.02,17.79,32.84,44.47,0,-1.47,0
7.72,26.56,94.8,53.7,0,-2.93,0
3.51,18.4,70.74,44.38,0,-4.1,0
2.04,61.15,132.44,66.03,1,-21.9,1
1.41,5.75,23.76,33.81,0,-1.58,0
0.47,16.38,54.46,42.25,0,-0.6,0
8.91,46.27,134.71,55.75,1,-7.82,0
4.36,27.58,62.82,41.8,0,-4.27,0
1.44,11.44,29.79,42.86,0,-2.38,0
0.26,3.64,34.35,36.76,1,-24.77,0
1.38,7.79,47.64,43.87,0,-3.91,0
0.71,91.46,167.35,43.32,0,-2.03,1
5.4,42.56,103.11,51.07,1,-14.52,1
4.45,47.09,94.05,47.48,0,-1.87,0
2.41,8.69,51.74,41.93,0,-1.82,0
7.6,39.32,100.71,44.31,0,-1.01,0
0.7,21.55,53.86,41.12,0,-0.58,0
2.1,31.63,87.95,49.18,0,-4.01,0
4.34,26.64,54.52,40.4,0,-0.98,0
0.25,11.2,32.01,39.57,0,-0.47,0
1.63,16.37,37.87,38.51,0,-2.7,0
2.97,14.11,34.38,40.43,0,-2.55,0
1.6,35.64,85.23,52.72,1,-16.32,0
2.29,12.2,123.95,58.23,0,-2.21,0
3.28,22.05,47.99,38.8,0,-0.81,0
1.61,30.04,112.09,49.58,0,-0.29,0
0.39,2.16,27.14,43.17,0,-0.4,0
0.53,31.66,55.41,37.78,0,-4.26,0
2.62,55.95,131.32,51.64,0,-2.49,1
0.67,4.55,41.17,38.24,0,-1.92,0
7.72,61.49,146.46,50.95,0,-1.97,0
6.29,36.74,89.0,48.99,1,-22.14,0
1.5,5.41,18.0,38.25,0,-1.82,0
6.22,57.67,191.36,49.24,0,-3.62,0
2.67,27.16,55.34,39.78,1,-9.39,0
0.61,22.37,77.85,47.24,0,-1.78,0
3.33,45.51,108.55,58.95,0,-4.22,0
3.98,22.01,57.22,35.29,0,-1.32,0
0.31,24.23,66.36,48.93,0,-3.04,0
1.32,32.3,92.6,48.14,0,-1.77,0
0.02,3.75,17.37,32.77,0,-2.23,0
1.33,69.25,171.53,63.5,0,-0.39,0
1.43,15.25,60.47,42.77,0,-0.92,0
3.48,43.64,104.05,50.38,0,-0.64,0
0.78,31.08,72.63,46.41,0,-3.83,0
0.11,14.32,79.78,47.97,0,-4.34,0
1.33,8.64,60.14,37.92,0,-0.49,0
6.11,24.32,49.73,41.92,0,-0.53,0
1.78,9.9,50.05,43.36,0,-2.57,0
1.88,24.43,78.43,38.67,0,-2.37,0
2.22,14.72,44.25,44.14,0,-3.0,0
4.88,36.98,76.62,51.01,1,-25.58,0
2.29,17.83,34.81,38.63,0,-3.63,0
0.34,1.33,22.43,26.94,0,-0.84,0
0.81,11.2,61.87,40.47,0,-0.36,0
0.73,21.14,102.53,38.71,0,-4.02,0
2.48,37.61,114.01,50.01,0,-2.22,0
0.11,1.21,19.35,28.07,0,-4.38,0
1.17,11.92,104.16,50.22,0,-2.49,0
3.27,97.97,243.6,66.86,1,-6.78,0
1.53,10.24,31.07,33.8,0,-2.88,0
4.31,42.54,153.31,57.91,1,-25.22,0
1.74,23.53,40.8,38.52,0,-1.29,0
13.56,81.4,112.51,47.1,0,-4.09,0
11.77,51.34,137.58,61.42,0,-1.11,0
5.63,99.85,266.21,67.05,1,-25.11,1
10.81,84.99,185.44,52.85,0,-2.39,0
0.8,26.05,80.57,49.34,0,-2.96,0
4.86,28.26,76.11,45.31,0,-0.2,0
1.36,14.76,64.52,46.79,1,-9.04,0
4.52,27.56,59.62,36.55,0,-1.92,0
1.64,17.37,120.94,50.87,0,-3.92,0
1.2,54.98,165.23,58.63,0,-3.81,1
11.16,59.16,151.15,50.22,0,-4.1,0
0.82,11.9,84.28,48.99,0,-3.82,0
4.97,25.31,90.19,46.92,0,-3.58,0
3.93,22.18,47.55,40.83,0,-3.89,0
1.27,6.83,82.3,52.47,1,-25.77,1
2.15,16.61,125.56,66.66,1,-22.67,0
0.54,15.47,34.33,37.63,0,-3.14,0
8.89,62.79,124.48,52.06,1,-21.13,0
12.06,79.24,178.08,67.51,1,-22.79,1
4.61,25.87,61.76,49.36,0,-1.09,0
6.63,59.81,95.16,58.21,0,-4.26,0
0.3,23.65,45.73,41.37,0,-3.47,0
1.7,13.22,106.45,54.94,0,-3.28,0
1.41,8.82,53.65,42.24,0,-3.48,0
2.91,46.45,133.75,54.27,1,-21.59,0
0.71,17.5,124.48,53.56,0,-0.3,0
2.9,14.84,36.96,40.03,0,-1.29,0
3.72,17.14,64.04,44.51,0,-4.31,0
0.5,31.94,67.31,51.71,0,-1.44,0
0.49,23.67,56.75,45.54,0,-3.52,0
0.13,58.41,125.64,54.14,0,-2.03,1
5.01,34.66,53.99,42.87,0,-4.1,0
1.41,6.28,14.38,28.76,0,-2.6,0
0.89,28.89,84.19,42.25,0,-2.92,0
5.27,25.4,124.57,58.02,0,-1.23,1
0.54,10.4,26.09,39.8,0,-0.45,0
1.95,10.39,34.35,31.71,0,-3.45,0
4.78,28.69,68.02,39.47,0,-0.49,0
2.99,45.91,79.89,50.48,0,-3.3,0
